id_cliente,nombre_estudiante_om,edad_declarada,ingreso_mensual_ars,sucursal_registro,fecha_inscripcion,id_sesion_basura_99,color_favorito_hex
1032,Sofía Martínez,66.0,30173,Maipú,2026/08/11,SYS-ID-93320,#3333FF
1110,ana perez,54.0,38504,Maypu,10-08-2026,SYS-ID-84341,#FF5733
1137,facundo cortinas,48.0,20837,mendoza,13-08-2026,SYS-ID-81482,#33FFF0
1089,Rocío S.,,41057,G. Cruz,12-08-2026,SYS-ID-64987,#F0FF33
1919,María Rodríguez,,23375,Maipú,2026-08-13,SYS-ID-61856,#3333FF
1314,Sofia Martinez,61.0,,san rafael,13-08-2026,SYS-ID-79163,#F0FF33
,Luciano Y.,37.0,14321,G. Cruz,13/08/26,SYS-ID-13905,#F0FF33
1319,Ana Perez ,42.0,,Maipu  ,11/08/2026,SYS-ID-57400,#FF33F5
1262,S. Martinez,45.0,17401,Maypu,2026.08.10,SYS-ID-57819,#33FF57
1536,Luciano Yllarreta,41.0,22110,S. Rafael,2026.08.10,SYS-ID-46421,#FF5733
1920,Rocio Sgrignieri,50.0,26897,Godoy Cruz ,11-08-2026,SYS-ID-95181,#57FF33
1597,Lucas Garcia ,37.0,9999999,San Rafael ,12-08-2026,SYS-ID-58520,#FF5733
1077,Rocio Sgrignieri,60.0,,G. Cruz,2026-08-11,SYS-ID-76237,#3333FF
1108,Agustin Lopez,66.0,33503,Mendoza ,FALTA_REGISTRO,SYS-ID-26483,#57FF33
1425,Lucas Garcia ,61.0,18545,San Rafael ,13/08/2026,SYS-ID-14207,#FF33F5
1585,S. Martinez,,43409,Mendoza ,2026/08/11,SYS-ID-83563,#FF5733
1854,Julieta A.,50.0,18488,MENDOZA,11/08/2026,SYS-ID-38221,#33FFF0
,juan gomez,59.0,26988,mendoza,11/08/2026,SYS-ID-59823,#3357FF
,julieta aparo,69.0,41118,san rafael,2026-08-13,SYS-ID-19071,#33FF57
1421,S. Martinez,32.0,20404,MENDOZA,13/08/2026,SYS-ID-57447,#FF5733
cli-1598,Abril Cioffi,28.0,22537,maipu,2026-08-11,SYS-ID-50306,#3357FF
1459,Ana Perez ,58.0,,maipu,13/08/2026,SYS-ID-52504,#FF5733
,Julieta Aparo,21.0,29601,Godoy Cruz,FALTA_REGISTRO,SYS-ID-44993,#33FFF0
cli-1650,Agustín López,,32351,G. Cruz,13/08/2026,SYS-ID-61856,#FF5733
1366,Ana Perez,,41036,san rafael,12-08-2026,SYS-ID-96474,#FF33F5
1322,facundo cortinas,51.0,38027,Maipu  ,12-08-2026,SYS-ID-82512,#33FFF0
1630,Maria Rodriguez,,34192,San Rafael,2026-08-13,SYS-ID-30926,#FF33F5
cli-1915,D. Garcia,44.0,26718,MENDOZA,10-08-2026,SYS-ID-12552,#3357FF
,Luciano Yllarreta,,,S Rafael,13/08/2026,SYS-ID-95909,#33FF57
1599,L. Garcia,,20288,G. Cruz,2026-08-11,SYS-ID-82357,#FF5733
1395,julieta aparo,70.0,No declara,san rafael,12/08/2026,SYS-ID-41571,#33FF57
CLI_1537,juan gomez,74.0,40621,Mendza,13/08/2026,SYS-ID-80644,#57FF33
1721,facundo cortinas,195.0,19737,San Rafael,10/08/2026,SYS-ID-26483,#3357FF
1334,Lucas Garcia,55.0,16278,MENDOZA,2026-08-12,SYS-ID-80644,#F0FF33
1410,Damián García,56.0,,Mendozza,13-08-2026,SYS-ID-13278,#FF33F5
1060,abril cioffi,35.0,44361,G. Cruz,10/08/2026,SYS-ID-70142,#F0FF33
1257,Lucas Garcia ,55.0,35038,Godoy Cruz ,2026.08.10,SYS-ID-47930,#33FFF0
1970,Juan Gomez,31.0,33073,san rafael,2026-08-13,SYS-ID-31319,#FF33F5
1686,Agustin Lopez ,63.0,9999999,Gpe Cruz,2026/08/10,SYS-ID-56566,#3333FF
1343,Lucas Garcia,73.0,,S. Rafael,12/08/2026,SYS-ID-94259,#33FF57
1636,Luciano Yllarreta,20.0,,maipu,2026-08-12,SYS-ID-57576,#3357FF
1709,Damián García,32.0,No declara,Godoy Cruz ,13/08/2026,SYS-ID-44438,#F0FF33
1011,Rocío Sgrignieri,74.0,14604,Maipú ,12/08/2026,SYS-ID-23238,#FF33F5
1486,Lucas Garcia ,61.0,21051,S. Rafael,2026.08.10,SYS-ID-70142,#3357FF
1210,D. Garcia,58.0,,Mendozza,13/08/2026,SYS-ID-93748,#F0FF33
1140,Sofia Martinez,41.0,29479,mendoza,2026/08/10,SYS-ID-70142,#3357FF
1389,Abril Cioffi,194.0,38003,Godoy Cruz,2026/08/11,SYS-ID-10425,#3357FF
,María Rodríguez,35.0,34795,Godoy Cruz,2026/08/11,SYS-ID-24371,#33FF57
cli-1825,ana perez,55.0,43797,Mendoza ,FALTA_REGISTRO,SYS-ID-46434,#FF5733
1718,Rocío Sgrignieri,-7.0,35676,G. Cruz,13/08/2026,SYS-ID-37869,#33FF57
cli-1846,S. Martinez,55.0,21736,Maypu,2026/08/11,SYS-ID-98696,#33FF57
1688,Juan Gomez  ,50.0,18192,G. Cruz,11-08-2026,SYS-ID-93886,#33FFF0
1936,Damian Garcia,47.0,No declara,Mendozza,2026-08-13,SYS-ID-31643,#57FF33
1582,Julieta Aparo,36.0,23136,Maipu  ,2026/08/11,SYS-ID-36062,#57FF33
1383,Rocío Sgrignieri,-6.0,,San Rafael,13-08-2026,SYS-ID-80010,#33FFF0
1071,Luciano Yllarreta,60.0,21968,Gpe Cruz,2026.08.10,SYS-ID-16175,#F0FF33
1261,ana perez,,,San Rafael ,10/08/2026,SYS-ID-18675,#33FFF0
1801,Agustin Lopez ,,36181,MENDOZA,,SYS-ID-91070,#57FF33
1454,Rocio Sgrignieri,47.0,,Maypu,2026-08-11,SYS-ID-42098,#F0FF33
1592,ana perez,46.0,20041,Gpe Cruz,2026-08-12,SYS-ID-83579,#F0FF33
1907,Abril Cioffi,57.0,35625,mendoza,2026.08.10,SYS-ID-44671,#57FF33
1785,Juan Gomez,73.0,37631,Mendozza,2026.08.10,SYS-ID-60432,#57FF33
1214,Julieta A.,,16981,S Rafael,2026-08-13,SYS-ID-79163,#F0FF33
CLI_1097,Rocío S.,55.0,33311,godoy cruz,2026-08-12,SYS-ID-80644,#57FF33
1680,Lucas Garcia,27.0,,G. Cruz,13/08/26,SYS-ID-80644,#33FFF0
1850,juan gomez,70.0,44018,mendoza,10-08-2026,SYS-ID-26828,#FF33F5
cli-1639,julieta aparo,65.0,34364,godoy cruz,12-08-2026,SYS-ID-83000,#57FF33
1881,Lucas Garcia,50.0,24364,Maipu  ,2026.08.10,SYS-ID-35203,#33FF57
1193,Ana Perez,36.0,32899,Maipu  ,12/08/2026,SYS-ID-16006,#33FFF0
cli-1281,Lucas Garcia ,137.0,26567,Mendza,2026-08-13,SYS-ID-17331,#33FF57
CLI_1534,D. Garcia,18.0,35543,Mendoza ,2026-08-10,SYS-ID-16006,#57FF33
CLI_1683,Agustin Lopez,67.0,22101,Mendoza ,13/08/2026,SYS-ID-73699,#33FFF0
1618,L. Garcia,19.0,32419,Godoy Cruz,13-08-2026,SYS-ID-24621,#F0FF33
1983,facundo cortinas,30.0,34311,San Rafael,12/08/2026,SYS-ID-72296,#33FFF0
cli-1911,Abril C.,29.0,35108,S Rafael,13/08/26,SYS-ID-74042,#57FF33
1185,Damián García,61.0,44035,mendoza,13-08-2026,SYS-ID-13905,#3333FF
1031,Damián García,56.0,41004,Maipú ,13/08/2026,SYS-ID-71348,#3333FF
1329,ana perez,30.0,37013,Maipú,10/08/2026,SYS-ID-23396,#3357FF
1507,Abril Cioffi,72.0,35190,Mendza,13/08/26,SYS-ID-99192,#3333FF
1055,Agustin Lopez ,42.0,41014,S. Rafael,13/08/2026,SYS-ID-99593,#FF5733
1024,Facundo Cortiñas,,24912,Godoy Cruz,12/08/2026,SYS-ID-75612,#F0FF33
1102,Sofía Martínez,24.0,36088,Mendoza ,2026/08/11,SYS-ID-94259,#FF5733
1550,Juan Gomez  ,-7.0,40297,Maipú ,11-08-2026,SYS-ID-42087,#33FFF0
1248,Sofia Martinez,18.0,18104,G. Cruz,12-08-2026,SYS-ID-38657,#57FF33
1004,Agustin Lopez,64.0,42976,san rafael,13/08/2026,SYS-ID-80284,#33FF57
cli-1087,Juan Gomez  ,37.0,19610,Mendoza ,2026.08.10,SYS-ID-62581,#3333FF
1844,Sofía Martínez,27.0,24822,Maypu,FALTA_REGISTRO,SYS-ID-84364,#33FF57
,María Rodríguez,71.0,32805,S Rafael,13/08/2026,SYS-ID-96673,#57FF33
1291,Juan Gomez  ,-12.0,13306,Maipú,12/08/2026,SYS-ID-10425,#FF33F5
1211,Lucas Garcia,20.0,43162,San Rafael ,FALTA_REGISTRO,SYS-ID-88907,#33FFF0
1803,Lucas Garcia ,58.0,32838,Gpe Cruz,,SYS-ID-42098,#3333FF
,D. Garcia,28.0,43175,Gpe Cruz,2026-08-12,SYS-ID-93227,#33FFF0
1200,Rocío Sgrignieri,67.0,42556,maipu,2026-08-12,SYS-ID-23238,#F0FF33
1903,Juan Gomez,24.0,34176,mendoza,13/08/26,SYS-ID-72296,#3333FF
1698,Facundo Cortiñas,53.0,,Maypu,13/08/26,SYS-ID-46463,#3333FF
1064,L. Garcia,43.0,12075,maipu,10/08/2026,SYS-ID-80284,#F0FF33
cli-1266,Rocío S.,25.0,13923,S Rafael,11-08-2026,SYS-ID-65333,#33FF57
,Julieta Aparo,61.0,27985,Maipú,2026-08-11,SYS-ID-80010,#57FF33
1804,Agustin Lopez ,63.0,27244,Mendoza,10-08-2026,SYS-ID-94939,#FF33F5
1626,Facundo Cortiñas,32.0,32596,Mendoza ,2026.08.10,SYS-ID-74686,#F0FF33
1569,Luciano Y.,61.0,21000,S Rafael,11/08/2026,SYS-ID-82063,#FF5733
1855,Agustin Lopez,56.0,35531,San Rafael ,13/08/2026,SYS-ID-88907,#33FFF0
1040,Sofía Martínez,54.0,42476,San Rafael ,2026-08-11,SYS-ID-30730,#33FF57
1807,luciano yllarreta,36.0,27008,S Rafael,11/08/2026,SYS-ID-60019,#FF5733
1169,Damián García,38.0,43350,Maipú,2026-08-11,SYS-ID-44438,#F0FF33
cli-1591,Julieta Aparo,25.0,25749,san rafael,11-08-2026,SYS-ID-16175,#57FF33
1465,Luciano Y.,,,S. Rafael,2026.08.10,SYS-ID-44993,#FF5733
1999,Julieta A.,43.0,30104,S. Rafael,12/08/2026,SYS-ID-69470,#33FF57
,Ana Perez,19.0,66750,S. Rafael,13-08-2026,SYS-ID-20322,#FF5733
1909,julieta aparo,69.0,17004,Mendoza,2026.08.10,SYS-ID-89507,#3357FF
1067,María Rodríguez,63.0,29919,Godoy Cruz ,13/08/26,SYS-ID-39871,#3333FF
1308,Juan Gomez  ,75.0,21663,Mendoza ,13-08-2026,SYS-ID-89131,#3357FF
1068,Luciano Yllarreta,56.0,20946,mendoza,13/08/2026,SYS-ID-70589,#33FFF0
1199,Julieta Aparo,18.0,24453,Mendoza ,13/08/26,SYS-ID-39871,#FF33F5
1529,Facundo Cortiñas,45.0,34426,maipu,2026-08-11,SYS-ID-30032,#33FF57
1482,facundo cortinas,63.0,,san rafael,2026-08-12,SYS-ID-42087,#3333FF
1758,Facundo C.,26.0,15964,Mendza,13/08/2026,SYS-ID-92240,#F0FF33
1988,Lucas Garcia,,39694,San Rafael,2026-08-13,SYS-ID-44671,#33FFF0
,María Rodríguez,,,San Rafael ,2026-08-11,SYS-ID-58520,#33FFF0
1845,María Rodríguez,45.0,23024,MENDOZA,13/08/26,SYS-ID-44671,#FF5733
1559,Juan Gomez,60.0,21935,S Rafael,2026-08-10,SYS-ID-92240,#3333FF
1619,abril cioffi,,26572,Mendza,2026.08.10,SYS-ID-52487,#FF33F5
1353,D. Garcia,60.0,34338,Godoy Cruz,2026/08/11,SYS-ID-80644,#F0FF33
1761,Julieta Aparo,48.0,42631,Maipú ,12/08/2026,SYS-ID-10425,#33FFF0
CLI_1930,Juan Gomez,73.0,17712,Gpe Cruz,12/08/2026,SYS-ID-55082,#33FFF0
1293,Damián García,22.0,37925,Maipu  ,2026-08-12,SYS-ID-93227,#3357FF
1753,Facundo C.,23.0,14185,godoy cruz,2026/08/10,SYS-ID-65392,#FF5733
1101,Facundo Cortiñas,64.0,,S. Rafael,12-08-2026,SYS-ID-38893,#FF33F5
cli-1846,S. Martinez,55.0,21736,Maypu,2026/08/11,SYS-ID-98696,#33FF57
1677,D. Garcia,49.0,No declara,Mendza,2026/08/10,SYS-ID-82357,#33FFF0
CLI_1809,Sofia Martinez,,73180,San Rafael,2026-08-11,SYS-ID-54587,#FF33F5
1306,Rocío S.,27.0,18337,mendoza,13/08/2026,SYS-ID-96474,#FF33F5
1629,Sofia Martinez,43.0,17570,Mendoza ,2026-08-13,SYS-ID-74042,#33FF57
1159,S. Martinez,74.0,13518,mendoza,13-08-2026,SYS-ID-96673,#FF33F5
1552,Juan Gomez,71.0,,Godoy Cruz ,10-08-2026,SYS-ID-88504,#3333FF
1003,Ana Perez,75.0,,S Rafael,,SYS-ID-16006,#33FFF0
1729,S. Martinez,25.0,23779,Mendoza,11/08/2026,SYS-ID-39871,#3333FF
1209,facundo cortinas,62.0,17283,Maypu,10/08/2026,SYS-ID-95181,#57FF33
CLI_1300,Juan Gomez  ,38.0,18863,mendoza,2026-08-13,SYS-ID-22676,#33FF57
1851,L. Garcia,56.0,12348,maipu,12/08/2026,SYS-ID-30926,#FF5733
1437,Facundo Cortiñas,58.0,34752,Gpe Cruz,2026/08/10,SYS-ID-28301,#33FFF0
1870,Rocío Sgrignieri,72.0,19724,S. Rafael,2026-08-12,SYS-ID-59823,#FF33F5
1412,Maria Rodriguez,-11.0,35142,godoy cruz,11/08/2026,SYS-ID-30969,#FF5733
1615,maria rodriguez,56.0,33142,S Rafael,2026-08-12,SYS-ID-69429,#F0FF33
1908,maria rodriguez,27.0,31763,Maipú ,12-08-2026,SYS-ID-38893,#33FFF0
1913,luciano yllarreta,67.0,26374,mendoza,2026-08-10,SYS-ID-82357,#FF5733
1997,juan gomez,44.0,21282,Godoy Cruz,2026/08/11,SYS-ID-99353,#57FF33
1963,Damian Garcia,,21984,San Rafael,10-08-2026,SYS-ID-91070,#FF5733
1701,Maria Rodriguez,36.0,17648,Gpe Cruz,11/08/2026,SYS-ID-59797,#3333FF
1779,D. Garcia,64.0,34325,mendoza,11/08/2026,SYS-ID-94259,#57FF33
1307,Luciano Yllarreta,44.0,43118,Maipu  ,13/08/26,SYS-ID-97841,#33FF57
1465,Luciano Y.,,,S. Rafael,2026.08.10,SYS-ID-44993,#FF5733
1494,Luciano Y.,20.0,15230,San Rafael,2026-08-13,SYS-ID-44993,#33FFF0
1424,Julieta Aparo,49.0,39465,Godoy Cruz,2026-08-13,SYS-ID-57819,#3333FF
1299,Luciano Yllarreta,42.0,No declara,Gpe Cruz,2026/08/11,SYS-ID-22676,#3333FF
1468,Agustin Lopez,64.0,43623,Mendozza,10-08-2026,SYS-ID-24621,#33FFF0
CLI_1885,Abril C.,48.0,18603,Godoy Cruz ,13/08/26,SYS-ID-99733,#F0FF33
1756,Facundo Cortiñas,57.0,No declara,Maypu,2026-08-10,SYS-ID-80644,#F0FF33
1107,Sofia Martinez,37.0,,godoy cruz,10/08/2026,SYS-ID-24592,#FF33F5
1859,julieta aparo,67.0,26795,San Rafael ,FALTA_REGISTRO,SYS-ID-40021,#FF33F5
1056,Lucas Garcia,31.0,29343,mendoza,2026-08-11,SYS-ID-79352,#33FF57
1121,María Rodríguez,55.0,34925,S. Rafael,2026-08-13,SYS-ID-54597,#33FF57
cli-1311,María Rodríguez,55.0,18566,Mendoza ,10-08-2026,SYS-ID-58520,#F0FF33
1026,Luciano Yllarreta,75.0,9999999,Maipu  ,2026-08-10,SYS-ID-44993,#33FFF0
1073,Rocio Sgrignieri,62.0,17263,S Rafael,2026-08-13,SYS-ID-89840,#3333FF
1531,Luciano Yllarreta,59.0,17933,San Rafael,2026-08-10,SYS-ID-96474,#3357FF
1045,Rocío S.,33.0,17679,San Rafael ,2026/08/11,SYS-ID-26828,#3333FF
1276,Luciano Y.,,40507,Mendza,11-08-2026,SYS-ID-19358,#57FF33
1479,Damián García,,9999999,S. Rafael,11-08-2026,SYS-ID-14165,#3333FF
1315,luciano yllarreta,23.0,84630,Godoy Cruz ,12-08-2026,SYS-ID-13905,#3357FF
1337,Ana Perez,21.0,13293,MENDOZA,13/08/2026,SYS-ID-28301,#57FF33
1690,abril cioffi,64.0,41487,Maipú ,12/08/2026,SYS-ID-70217,#FF33F5
1431,ana perez,,32544,S Rafael,11-08-2026,SYS-ID-66985,#57FF33
1951,Julieta A.,47.0,37939,Mendoza,2026/08/11,SYS-ID-24371,#33FFF0
1834,Rocío S.,34.0,20067,Mendza,13/08/26,SYS-ID-95181,#F0FF33
1589,Damian Garcia,31.0,17305,Maipú ,10/08/2026,SYS-ID-92240,#F0FF33
1704,L. Garcia,49.0,34303,Godoy Cruz,11-08-2026,SYS-ID-23396,#33FF57
1328,abril cioffi,74.0,29076,Maipu  ,10-08-2026,SYS-ID-86484,#FF5733
1016,Ana Perez,-9.0,14889,Mendoza,2026.08.10,SYS-ID-91959,#33FFF0
CLI_1604,Ana Perez,30.0,26558,San Rafael ,2026/08/10,SYS-ID-60432,#3333FF
1928,Agustin Lopez ,69.0,21231,Mendozza,12/08/2026,SYS-ID-42325,#3357FF
1981,Sofia Martinez,38.0,43634,san rafael,2026-08-12,SYS-ID-41385,#33FF57
1972,Abril C.,21.0,44679,MENDOZA,13/08/2026,SYS-ID-10851,#33FF57
1763,facundo cortinas,33.0,33726,godoy cruz,2026-08-11,SYS-ID-24592,#F0FF33
1332,Ana Perez ,185.0,38436,Godoy Cruz ,2026-08-13,SYS-ID-24592,#FF5733
1061,juan gomez,-5.0,13359,San Rafael ,2026-08-11,SYS-ID-86484,#3333FF
1746,Sofia Martinez,30.0,23503,mendoza,2026/08/10,SYS-ID-65392,#33FFF0
1372,Rocío Sgrignieri,61.0,36993,Mendoza ,2026-08-12,SYS-ID-28289,#F0FF33
1093,L. Garcia,19.0,No declara,Godoy Cruz,2026/08/11,SYS-ID-94012,#F0FF33
cli-1723,abril cioffi,37.0,13833,Mendza,13/08/2026,SYS-ID-65302,#33FFF0
,Juan Gomez,44.0,25292,San Rafael,,SYS-ID-44718,#3333FF
1463,Damian Garcia,46.0,32653,maipu,12/08/2026,SYS-ID-17331,#57FF33
1219,Luciano Yllarreta,64.0,27908,Maipu  ,2026-08-13,SYS-ID-55082,#3357FF
1514,Julieta Aparo,58.0,22876,Maipu  ,2026-08-11,SYS-ID-24621,#33FF57
,Lucas Garcia,,15884,Gpe Cruz,11-08-2026,SYS-ID-87397,#33FF57
cli-1426,María Rodríguez,18.0,9999999,Gpe Cruz,12/08/2026,SYS-ID-28131,#33FFF0
1333,julieta aparo,75.0,24489,Mendoza,2026/08/11,SYS-ID-85674,#F0FF33
1860,Lucas Garcia,25.0,9999999,S. Rafael,13/08/26,SYS-ID-81426,#F0FF33
1990,Damian Garcia,-12.0,38513,godoy cruz,2026/08/11,SYS-ID-21226,#33FFF0
1583,Sofia Martinez,31.0,42327,San Rafael ,FALTA_REGISTRO,SYS-ID-94259,#FF33F5
1356,Agustín López,180.0,24489,S Rafael,13/08/2026,SYS-ID-87397,#33FF57
1483,Maria Rodriguez,,35290,Maypu,11-08-2026,SYS-ID-22280,#33FFF0
1546,maria rodriguez,62.0,23849,Maipú,12/08/2026,SYS-ID-83563,#3357FF
1111,Maria Rodriguez,57.0,35714,mendoza,10-08-2026,SYS-ID-39871,#57FF33
1515,abril cioffi,38.0,29792,Godoy Cruz ,2026/08/11,SYS-ID-17331,#3333FF
1603,Juan Gomez  ,200.0,No declara,Mendoza,2026/08/11,SYS-ID-42325,#F0FF33
1996,facundo cortinas,,33871,Maipú,13/08/26,SYS-ID-87236,#33FFF0
1508,maria rodriguez,32.0,24684,Mendoza,13-08-2026,SYS-ID-33416,#33FF57
1335,Lucas Garcia ,75.0,24348,Mendozza,2026-08-13,SYS-ID-42098,#FF33F5
1849,maria rodriguez,59.0,31553,Maipu  ,12/08/2026,SYS-ID-38657,#3357FF
1295,Abril Cioffi,130.0,37663,Maipu  ,FALTA_REGISTRO,SYS-ID-66985,#F0FF33
1287,maria rodriguez,,13920,San Rafael ,,SYS-ID-86484,#F0FF33
CLI_1939,julieta aparo,48.0,25860,Mendoza,13/08/2026,SYS-ID-69429,#33FFF0
1448,abril cioffi,74.0,,San Rafael,2026/08/11,SYS-ID-23947,#57FF33
1693,Ana Perez ,131.0,52600,San Rafael,11/08/2026,SYS-ID-38746,#3357FF
1653,Lucas Garcia ,54.0,19906,Maipú,11-08-2026,SYS-ID-21915,#33FF57
1969,maria rodriguez,22.0,36357,Godoy Cruz,12/08/2026,SYS-ID-30926,#FF5733
1278,facundo cortinas,25.0,25607,G. Cruz,11-08-2026,SYS-ID-10851,#33FF57
1759,Damian Garcia,27.0,34472,S. Rafael,2026-08-10,SYS-ID-30969,#3357FF
1138,Agustín López,38.0,38098,maipu,10/08/2026,SYS-ID-26828,#FF33F5
1502,D. Garcia,31.0,,Mendza,,SYS-ID-45382,#FF5733
cli-1405,Facundo Cortiñas,34.0,39758,Maipu  ,11-08-2026,SYS-ID-10074,#57FF33
1524,Agustín López,60.0,17147,G. Cruz,2026/08/10,SYS-ID-12552,#3333FF
1781,luciano yllarreta,66.0,31637,S Rafael,10/08/2026,SYS-ID-30379,#3357FF
CLI_1978,julieta aparo,52.0,15440,San Rafael ,10/08/2026,SYS-ID-87236,#FF5733
1581,Agustín López,20.0,15909,San Rafael ,13-08-2026,SYS-ID-44438,#57FF33
1238,Sofia Martinez,62.0,23353,maipu,2026-08-12,SYS-ID-30379,#3357FF
1989,Sofia Martinez,24.0,28314,Mendoza ,10/08/2026,SYS-ID-81482,#33FFF0
CLI_1216,Abril Cioffi,63.0,,San Rafael ,2026.08.10,SYS-ID-19071,#57FF33
1895,Ana Perez,33.0,25760,maipu,12-08-2026,SYS-ID-76542,#F0FF33
1245,Abril Cioffi,35.0,18240,Mendza,13/08/2026,SYS-ID-22280,#33FFF0
1553,Abril Cioffi,20.0,,mendoza,,SYS-ID-24621,#FF33F5
1838,Agustin Lopez ,-15.0,42186,S Rafael,2026-08-12,SYS-ID-57400,#3333FF
1864,Julieta A.,50.0,40034,Maipú,2026/08/11,SYS-ID-99593,#33FF57
1668,Facundo Cortiñas,56.0,30544,San Rafael,13/08/2026,SYS-ID-54118,#FF5733
1622,Juan Gomez,68.0,No declara,Maipú ,11/08/2026,SYS-ID-70217,#F0FF33
1079,Julieta A.,62.0,37939,San Rafael ,FALTA_REGISTRO,SYS-ID-88504,#FF5733
1030,Agustin Lopez ,62.0,15291,maipu,10-08-2026,SYS-ID-80644,#3357FF
CLI_1451,María Rodríguez,68.0,No declara,Gpe Cruz,12-08-2026,SYS-ID-44718,#FF33F5
1290,juan gomez,40.0,21312,Maipu  ,13/08/26,SYS-ID-60019,#33FFF0
1050,Abril C.,198.0,24133,San Rafael,13/08/26,SYS-ID-93320,#33FFF0
1671,Ana Perez,33.0,35219,Maipú ,10/08/2026,SYS-ID-24592,#33FFF0
1799,Juan Gomez  ,24.0,33147,maipu,11/08/2026,SYS-ID-60019,#57FF33
1290,juan gomez,40.0,21312,Maipu  ,13/08/26,SYS-ID-60019,#33FFF0
1166,luciano yllarreta,68.0,13746,Maipú ,2026/08/11,SYS-ID-41571,#FF5733
1931,Rocío S.,40.0,,Mendozza,13-08-2026,SYS-ID-23238,#3333FF
1179,Rocio Sgrignieri,18.0,31334,Maipu  ,11/08/2026,SYS-ID-89131,#57FF33
1694,Facundo Cortiñas,72.0,24511,mendoza,13-08-2026,SYS-ID-54118,#3333FF
cli-1066,Rocío Sgrignieri,37.0,38738,mendoza,10-08-2026,SYS-ID-86622,#33FF57
1142,Juan Gomez  ,40.0,40504,San Rafael ,10/08/2026,SYS-ID-88907,#57FF33
1986,Rocío Sgrignieri,,29482,Mendoza,13-08-2026,SYS-ID-93886,#33FFF0
1352,L. Garcia,65.0,18726,godoy cruz,2026-08-10,SYS-ID-95181,#33FFF0
1862,Damian Garcia,74.0,43251,Maipu  ,2026-08-10,SYS-ID-88504,#3357FF
CLI_1441,Rocío Sgrignieri,69.0,29816,S. Rafael,11-08-2026,SYS-ID-37869,#FF33F5
1347,Luciano Yllarreta,57.0,,Mendza,13/08/26,SYS-ID-87236,#57FF33
cli-1255,julieta aparo,26.0,20725,Maypu,2026.08.10,SYS-ID-40495,#FF5733
1695,L. Garcia,27.0,41180,Gpe Cruz,13-08-2026,SYS-ID-44973,#FF33F5
1345,Ana Perez ,39.0,115660,godoy cruz,11-08-2026,SYS-ID-51347,#3333FF
1222,Luciano Yllarreta,39.0,40220,Maypu,2026.08.10,SYS-ID-97841,#F0FF33
1236,facundo cortinas,70.0,31493,Maipú ,2026.08.10,SYS-ID-19358,#33FF57
CLI_1548,Rocio Sgrignieri,25.0,,G. Cruz,2026-08-12,SYS-ID-62350,#FF33F5
cli-1500,Lucas Garcia ,18.0,28587,Mendoza,13/08/26,SYS-ID-88104,#FF5733
,Agustin Lopez ,51.0,38980,Maipu  ,12/08/2026,SYS-ID-28131,#3333FF
1941,Ana Perez,-1.0,31457,Mendozza,13/08/2026,SYS-ID-38746,#3333FF
1250,Ana Perez,,42119,Mendoza,2026-08-11,SYS-ID-44718,#3333FF
1536,Luciano Yllarreta,41.0,22110,S. Rafael,2026.08.10,SYS-ID-46421,#FF5733
1382,ana perez,22.0,24937,Maipu  ,12/08/2026,SYS-ID-83000,#3357FF
1072,Facundo C.,-1.0,21447,Godoy Cruz ,2026.08.10,SYS-ID-88907,#3333FF
1095,Agustin Lopez ,20.0,31767,G. Cruz,2026-08-10,SYS-ID-22280,#3333FF
1034,ana perez,39.0,39248,MENDOZA,13/08/2026,SYS-ID-62581,#FF5733
1260,Juan Gomez,38.0,No declara,Maipu  ,2026-08-11,SYS-ID-82063,#3333FF
1205,ana perez,60.0,,Mendoza,2026/08/11,SYS-ID-40495,#3357FF
1360,Lucas Garcia ,62.0,31589,maipu,11/08/2026,SYS-ID-20328,#FF33F5
1602,Abril Cioffi,66.0,21639,Maipu  ,13-08-2026,SYS-ID-31417,#33FF57
1399,luciano yllarreta,68.0,23919,Maipú ,11-08-2026,SYS-ID-57052,#F0FF33
1078,abril cioffi,45.0,41939,S. Rafael,2026-08-13,SYS-ID-38746,#33FF57
1085,facundo cortinas,65.0,36970,Maypu,10-08-2026,SYS-ID-80697,#FF33F5
1320,Rocío S.,50.0,,Mendoza,2026.08.10,SYS-ID-93748,#3357FF
1083,Rocio Sgrignieri,48.0,31342,S Rafael,13-08-2026,SYS-ID-88907,#3357FF
1948,Luciano Yllarreta,60.0,40671,Maypu,10-08-2026,SYS-ID-36062,#33FF57
1708,Sofía Martínez,50.0,9999999,San Rafael ,13/08/2026,SYS-ID-38785,#FF33F5
1539,Rocío Sgrignieri,35.0,36049,MENDOZA,13/08/26,SYS-ID-57576,#F0FF33
1544,Abril Cioffi,57.0,,Gpe Cruz,2026/08/10,SYS-ID-57819,#33FFF0
1826,Juan Gomez  ,-7.0,36619,Maipú ,11-08-2026,SYS-ID-28131,#3333FF
1429,Agustín López,59.0,23438,S. Rafael,13/08/26,SYS-ID-79163,#3333FF
1310,ana perez,-7.0,33373,San Rafael ,2026-08-10,SYS-ID-24662,#57FF33
1006,Lucas Garcia,30.0,21186,Godoy Cruz ,13-08-2026,SYS-ID-47930,#33FF57
1789,maria rodriguez,29.0,40316,G. Cruz,2026-08-11,SYS-ID-12552,#33FF57
1105,Ana Perez ,27.0,9999999,Maipú ,FALTA_REGISTRO,SYS-ID-13478,#33FFF0
CLI_1098,L. Garcia,59.0,26091,Godoy Cruz ,2026/08/11,SYS-ID-37869,#F0FF33
1297,Ana Perez ,60.0,34003,G. Cruz,FALTA_REGISTRO,SYS-ID-48427,#FF33F5
1409,Facundo Cortiñas,-11.0,17245,Maipú ,FALTA_REGISTRO,SYS-ID-51347,#57FF33
1446,Rocio Sgrignieri,71.0,,san rafael,13-08-2026,SYS-ID-47930,#FF5733
1904,abril cioffi,27.0,29528,Maypu,2026-08-10,SYS-ID-87397,#33FF57
1282,Rocio Sgrignieri,22.0,,mendoza,13-08-2026,SYS-ID-65392,#33FF57
1267,ana perez,50.0,44742,Maipu  ,2026-08-11,SYS-ID-40512,#33FF57
1740,Julieta Aparo,66.0,29892,san rafael,12/08/2026,SYS-ID-70589,#FF33F5
1887,Rocío S.,42.0,,Mendoza ,10-08-2026,SYS-ID-21395,#FF33F5
1535,Luciano Y.,63.0,37006,Godoy Cruz ,2026-08-11,SYS-ID-62350,#3357FF
1433,Ana Perez ,43.0,No declara,mendoza,13/08/26,SYS-ID-71348,#FF5733
1912,Julieta Aparo,161.0,44578,maipu,2026/08/11,SYS-ID-51347,#33FF57
1657,Juan Gomez  ,60.0,15583,san rafael,2026-08-13,SYS-ID-94939,#F0FF33
1119,Facundo C.,57.0,9999999,Godoy Cruz,2026-08-13,SYS-ID-51245,#F0FF33
1406,luciano yllarreta,53.0,36262,maipu,11-08-2026,SYS-ID-99593,#F0FF33
,Facundo Cortiñas,62.0,31783,Mendozza,11-08-2026,SYS-ID-95181,#F0FF33
1378,Abril Cioffi,46.0,14019,Gpe Cruz,2026/08/11,SYS-ID-46421,#57FF33
CLI_1616,Julieta A.,18.0,No declara,S. Rafael,13/08/26,SYS-ID-37869,#F0FF33
1010,Ana Perez,,22317,MENDOZA,2026/08/10,SYS-ID-70217,#33FF57
1358,Facundo Cortiñas,48.0,23613,Maipu  ,2026.08.10,SYS-ID-38893,#57FF33
1197,Rocio Sgrignieri,59.0,,G. Cruz,2026/08/10,SYS-ID-60432,#FF33F5
1632,S. Martinez,67.0,20007,San Rafael ,2026/08/11,SYS-ID-33416,#3357FF
1082,Ana Perez ,38.0,23510,San Rafael,12-08-2026,SYS-ID-88172,#33FFF0
1527,facundo cortinas,36.0,20348,Maipú,10-08-2026,SYS-ID-32431,#33FF57
1831,Sofía Martínez,72.0,18583,godoy cruz,11/08/2026,SYS-ID-41385,#3357FF
cli-1906,Abril Cioffi,74.0,19366,Gpe Cruz,10-08-2026,SYS-ID-85674,#33FF57
1240,Sofia Martinez,71.0,22961,mendoza,2026/08/11,SYS-ID-56566,#FF5733
1324,Rocío Sgrignieri,69.0,38482,S Rafael,2026-08-10,SYS-ID-89818,#3333FF
1212,Juan Gomez  ,72.0,25576,Maipu  ,2026-08-13,SYS-ID-88907,#33FFF0
1847,Sofia Martinez,56.0,36600,mendoza,2026-08-13,SYS-ID-93320,#3333FF
1549,Luciano Yllarreta,27.0,40490,Mendoza,13-08-2026,SYS-ID-14207,#F0FF33
1498,S. Martinez,28.0,36943,MENDOZA,12/08/2026,SYS-ID-11504,#3357FF
1228,Julieta A.,57.0,,Maypu,2026-08-13,SYS-ID-26828,#F0FF33
1892,Luciano Yllarreta,42.0,29792,San Rafael,2026-08-11,SYS-ID-25014,#FF33F5
1815,luciano yllarreta,65.0,44083,S. Rafael,2026/08/10,SYS-ID-51245,#FF5733
1829,Rocío Sgrignieri,57.0,43142,Maipú,11/08/2026,SYS-ID-93810,#F0FF33
1178,Damian Garcia,74.0,42672,San Rafael ,10-08-2026,SYS-ID-80010,#3357FF
1975,luciano yllarreta,35.0,34663,godoy cruz,,SYS-ID-79163,#F0FF33
,Luciano Y.,23.0,No declara,Maipú ,2026-08-13,SYS-ID-94939,#FF33F5
1944,Juan Gomez,71.0,41447,Maypu,10-08-2026,SYS-ID-81482,#FF33F5
1517,Sofía Martínez,27.0,129210,Maipú,12/08/2026,SYS-ID-38221,#33FF57
1351,D. Garcia,43.0,17166,G. Cruz,13-08-2026,SYS-ID-36062,#3333FF
1519,Ana Perez ,74.0,,Maipú,2026-08-12,SYS-ID-39256,#33FFF0
1008,Agustin Lopez,75.0,,godoy cruz,FALTA_REGISTRO,SYS-ID-62581,#33FFF0
1156,facundo cortinas,56.0,9999999,S Rafael,12-08-2026,SYS-ID-37653,#3357FF
1945,Agustín López,52.0,36743,San Rafael,11/08/2026,SYS-ID-79514,#FF5733
CLI_1042,Rocío Sgrignieri,-3.0,19933,Maipu  ,12-08-2026,SYS-ID-18326,#57FF33
1330,Julieta Aparo,54.0,41987,Mendza,2026-08-11,SYS-ID-89507,#33FF57
1543,Juan Gomez  ,56.0,29068,MENDOZA,2026-08-11,SYS-ID-25014,#FF5733
1440,D. Garcia,33.0,9999999,Maypu,2026-08-13,SYS-ID-57400,#33FFF0
1810,Ana Perez ,47.0,24945,san rafael,2026/08/11,SYS-ID-44993,#33FFF0
1901,Luciano Y.,-7.0,No declara,Mendoza,2026-08-13,SYS-ID-51347,#FF5733
1371,Julieta Aparo,36.0,43120,maipu,2026-08-10,SYS-ID-46463,#F0FF33
1605,Ana Perez ,43.0,102060,Maipú ,10/08/2026,SYS-ID-59009,#F0FF33
cli-1974,Luciano Y.,,14563,S Rafael,2026/08/10,SYS-ID-86484,#33FF57
1594,L. Garcia,49.0,9999999,San Rafael,2026-08-10,SYS-ID-37460,#57FF33
cli-1877,Sofia Martinez,69.0,20351,S Rafael,2026-08-13,SYS-ID-16175,#57FF33
1555,facundo cortinas,22.0,30113,Godoy Cruz ,12/08/2026,SYS-ID-40512,#3357FF
1754,Facundo C.,,40301,mendoza,10/08/2026,SYS-ID-82512,#FF5733
1874,Rocio Sgrignieri,43.0,35887,Godoy Cruz ,11-08-2026,SYS-ID-68878,#3333FF
1533,Facundo Cortiñas,40.0,12532,Maipú ,2026-08-13,SYS-ID-65392,#33FFF0
1867,S. Martinez,61.0,20171,godoy cruz,FALTA_REGISTRO,SYS-ID-80284,#FF5733
1229,Facundo Cortiñas,-14.0,26485,G. Cruz,13-08-2026,SYS-ID-44741,#3357FF
1391,Rocio Sgrignieri,20.0,35674,godoy cruz,13-08-2026,SYS-ID-87397,#FF5733
CLI_1760,S. Martinez,53.0,39660,Godoy Cruz,11/08/2026,SYS-ID-91959,#FF33F5
1213,Rocío Sgrignieri,72.0,33740,godoy cruz,2026.08.10,SYS-ID-52487,#33FF57
1080,Sofia Martinez,75.0,27081,Maipú ,2026/08/11,SYS-ID-23947,#FF33F5
1149,juan gomez,54.0,20504,Maipú ,2026/08/10,SYS-ID-94939,#57FF33
1303,Sofia Martinez,41.0,,mendoza,13/08/26,SYS-ID-20328,#33FF57
1449,Maria Rodriguez,55.0,No declara,san rafael,FALTA_REGISTRO,SYS-ID-21395,#3333FF
1362,Julieta A.,55.0,39359,maipu,13/08/2026,SYS-ID-46048,#33FF57
1532,Facundo C.,42.0,41305,San Rafael,12/08/2026,SYS-ID-97841,#33FFF0
1530,Sofia Martinez,206.0,18399,G. Cruz,2026-08-13,SYS-ID-40495,#33FF57
1044,facundo cortinas,45.0,9999999,Maipú,11-08-2026,SYS-ID-10425,#3333FF
cli-1674,Juan Gomez  ,49.0,30415,Godoy Cruz,2026-08-12,SYS-ID-59823,#33FFF0
1134,luciano yllarreta,60.0,,Godoy Cruz,,SYS-ID-65333,#FF5733
1576,Sofía Martínez,28.0,14825,MENDOZA,2026-08-12,SYS-ID-48427,#57FF33
1312,Rocio Sgrignieri,49.0,43001,MENDOZA,2026-08-13,SYS-ID-38221,#57FF33
1635,Damian Garcia,66.0,,Godoy Cruz ,10-08-2026,SYS-ID-51347,#3333FF
1568,ana perez,24.0,No declara,Maipú ,2026/08/11,SYS-ID-38657,#FF33F5
cli-1821,Julieta A.,35.0,38081,S. Rafael,FALTA_REGISTRO,SYS-ID-55082,#3333FF
1001,Agustin Lopez,66.0,25182,S. Rafael,12-08-2026,SYS-ID-44718,#3333FF
1478,Julieta Aparo,52.0,28951,maipu,2026.08.10,SYS-ID-74042,#FF5733
,Ana Perez,63.0,110350,G. Cruz,10-08-2026,SYS-ID-10074,#FF5733
1738,Rocio Sgrignieri,42.0,25943,Maipu  ,2026-08-12,SYS-ID-87397,#3357FF
1573,luciano yllarreta,29.0,14465,Maipú ,13/08/26,SYS-ID-69470,#33FF57
1381,S. Martinez,29.0,28563,San Rafael,10/08/2026,SYS-ID-26828,#3333FF
1833,Sofía Martínez,33.0,23169,mendoza,2026-08-10,SYS-ID-22676,#F0FF33
1973,Abril C.,33.0,30680,Mendoza,2026-08-10,SYS-ID-86622,#33FFF0
cli-1962,Julieta Aparo,48.0,12328,Mendozza,11-08-2026,SYS-ID-30926,#FF33F5
1173,Damian Garcia,53.0,20996,Mendoza ,2026/08/11,SYS-ID-39871,#FF5733
1126,Agustín López,54.0,42256,S. Rafael,13/08/2026,SYS-ID-22676,#FF33F5
1667,facundo cortinas,49.0,No declara,San Rafael,11-08-2026,SYS-ID-58520,#3333FF
CLI_1441,Rocío Sgrignieri,69.0,29816,S. Rafael,11-08-2026,SYS-ID-37869,#FF33F5
1835,ana perez,42.0,37011,Maypu,13/08/2026,SYS-ID-19116,#FF33F5
1940,Ana Perez ,35.0,31551,G. Cruz,11/08/2026,SYS-ID-31174,#33FFF0
CLI_1091,Julieta Aparo,26.0,25448,mendoza,11/08/2026,SYS-ID-94012,#FF33F5
1979,ana perez,62.0,36874,San Rafael ,2026.08.10,SYS-ID-44973,#3333FF
1182,Maria Rodriguez,50.0,32380,Mendoza ,2026-08-12,SYS-ID-52504,#FF33F5
cli-1364,Ana Perez,36.0,14117,Godoy Cruz,10-08-2026,SYS-ID-10425,#FF33F5
CLI_1275,Agustin Lopez ,51.0,36411,G. Cruz,2026/08/10,SYS-ID-80381,#33FF57
1965,Sofia Martinez,43.0,28390,Mendozza,11-08-2026,SYS-ID-45093,#33FF57
1070,Damian Garcia,38.0,27650,Maipu  ,13/08/2026,SYS-ID-87397,#F0FF33
1292,Julieta Aparo,69.0,33206,MENDOZA,FALTA_REGISTRO,SYS-ID-94012,#3357FF
cli-1132,Abril Cioffi,25.0,,Godoy Cruz ,13-08-2026,SYS-ID-38657,#33FF57
1301,Ana Perez ,57.0,14031,Godoy Cruz ,2026-08-11,SYS-ID-30730,#57FF33
1606,Facundo Cortiñas,41.0,,Godoy Cruz,13-08-2026,SYS-ID-82512,#33FF57
1327,Rocio Sgrignieri,53.0,23997,S Rafael,2026/08/11,SYS-ID-93886,#FF33F5
1145,Luciano Y.,35.0,19434,Mendoza,13/08/26,SYS-ID-30969,#57FF33
1899,Ana Perez ,47.0,78850,San Rafael,2026-08-11,SYS-ID-93748,#33FFF0
cli-1608,Ana Perez ,37.0,33981,mendoza,2026-08-13,SYS-ID-36062,#FF5733
1669,Rocio Sgrignieri,46.0,36224,Maipu  ,13-08-2026,SYS-ID-83563,#FF5733
1136,Lucas Garcia,65.0,20743,MENDOZA,12/08/2026,SYS-ID-49117,#3357FF
,Luciano Yllarreta,26.0,14587,Gpe Cruz,2026-08-12,SYS-ID-60019,#3333FF
1165,abril cioffi,50.0,44102,Maipu  ,2026-08-10,SYS-ID-52504,#F0FF33
1029,Agustín López,42.0,27989,Mendza,2026-08-10,SYS-ID-26828,#33FF57
1588,Juan Gomez,22.0,33817,Maipú,FALTA_REGISTRO,SYS-ID-94259,#33FFF0
1194,Damián García,37.0,23477,Maypu,13/08/26,SYS-ID-65302,#F0FF33
1430,Luciano Yllarreta,47.0,21492,Mendozza,12/08/2026,SYS-ID-75435,#57FF33
,Facundo Cortiñas,27.0,,Godoy Cruz,10-08-2026,SYS-ID-46048,#57FF33
cli-1987,D. Garcia,-9.0,38013,Maipú,12/08/2026,SYS-ID-14165,#3333FF
1170,Rocio Sgrignieri,30.0,30284,maipu,2026-08-12,SYS-ID-44741,#33FFF0
1526,Luciano Y.,60.0,33283,G. Cruz,2026/08/10,SYS-ID-62350,#33FF57
1141,Abril C.,-10.0,32086,G. Cruz,13/08/2026,SYS-ID-57052,#3333FF
1174,Damián García,32.0,,Godoy Cruz ,13/08/26,SYS-ID-64987,#3357FF
1007,D. Garcia,-5.0,12967,mendoza,2026/08/11,SYS-ID-57052,#57FF33
1765,Abril Cioffi,74.0,23421,S Rafael,2026/08/11,SYS-ID-44671,#FF33F5
1520,Agustin Lopez,30.0,32915,G. Cruz,11-08-2026,SYS-ID-23396,#3357FF
1679,ana perez,49.0,33538,Mendoza,10-08-2026,SYS-ID-45093,#F0FF33
1074,Juan Gomez  ,33.0,30833,san rafael,13/08/2026,SYS-ID-64987,#33FF57
1714,Ana Perez ,,20257,Maipú,2026-08-12,SYS-ID-92397,#33FF57
cli-1676,Agustin Lopez ,48.0,42614,Godoy Cruz ,13/08/26,SYS-ID-21395,#3333FF
1239,Facundo C.,73.0,12628,Gpe Cruz,2026-08-13,SYS-ID-82512,#3333FF
1146,L. Garcia,34.0,26062,Maipú ,13/08/26,SYS-ID-20328,#33FF57
1824,luciano yllarreta,57.0,No declara,Maypu,2026-08-12,SYS-ID-83563,#57FF33
1235,L. Garcia,73.0,32539,Maipú ,2026-08-13,SYS-ID-94012,#33FF57
1221,Rocío Sgrignieri,49.0,24815,G. Cruz,2026-08-12,SYS-ID-24592,#57FF33
,Rocío S.,46.0,35318,maipu,13/08/2026,SYS-ID-70217,#57FF33
1689,S. Martinez,,42335,Mendozza,2026-08-13,SYS-ID-87397,#33FF57
1133,Sofia Martinez,19.0,27855,Mendza,2026-08-10,SYS-ID-10425,#F0FF33
1361,Abril Cioffi,61.0,No declara,Maypu,2026-08-11,SYS-ID-16175,#F0FF33
1458,Rocio Sgrignieri,,16644,Mendoza,11/08/2026,SYS-ID-89818,#3333FF
1685,Facundo Cortiñas,-9.0,24213,Godoy Cruz ,2026/08/10,SYS-ID-21395,#F0FF33
,Agustin Lopez,24.0,29019,Mendozza,2026/08/11,SYS-ID-46434,#3333FF
cli-1186,luciano yllarreta,21.0,32196,Mendoza,2026-08-10,SYS-ID-79822,#FF33F5
CLI_1042,Rocío Sgrignieri,-3.0,19933,Maipu  ,12-08-2026,SYS-ID-18326,#57FF33
cli-1639,julieta aparo,65.0,34364,godoy cruz,12-08-2026,SYS-ID-83000,#57FF33
1109,Luciano Yllarreta,32.0,35210,mendoza,10/08/2026,SYS-ID-28726,#FF5733
1617,Maria Rodriguez,-13.0,24348,maipu,10-08-2026,SYS-ID-95909,#3333FF
1057,luciano yllarreta,56.0,14139,san rafael,2026-08-12,SYS-ID-24662,#3333FF
1450,María Rodríguez,23.0,44762,mendoza,12/08/2026,SYS-ID-72296,#FF5733
1774,luciano yllarreta,49.0,37059,Mendoza,2026/08/11,SYS-ID-59823,#33FF57
1590,L. Garcia,47.0,35958,Godoy Cruz,2026/08/10,SYS-ID-82512,#FF33F5
1896,D. Garcia,26.0,31326,S Rafael,2026-08-10,SYS-ID-83000,#FF33F5
1436,Abril C.,47.0,29852,maipu,2026-08-11,SYS-ID-54587,#3333FF
1025,L. Garcia,37.0,38764,S Rafael,2026-08-12,SYS-ID-79352,#3357FF
1811,Agustín López,68.0,35565,godoy cruz,13/08/26,SYS-ID-44718,#57FF33
1495,Facundo Cortiñas,21.0,21321,G. Cruz,13-08-2026,SYS-ID-95181,#33FF57
1827,Facundo Cortiñas,61.0,32658,san rafael,2026-08-13,SYS-ID-40021,#FF5733
1982,Rocío Sgrignieri,65.0,17112,mendoza,10/08/2026,SYS-ID-92397,#FF5733
1929,julieta aparo,45.0,,godoy cruz,2026/08/10,SYS-ID-22156,#3333FF
1966,abril cioffi,31.0,43970,Godoy Cruz ,13/08/2026,SYS-ID-24621,#33FFF0
1339,Lucas Garcia ,75.0,No declara,Maipú ,10-08-2026,SYS-ID-68878,#3333FF
1052,D. Garcia,26.0,44170,Mendoza ,2026-08-12,SYS-ID-86484,#3333FF
1384,María Rodríguez,41.0,40069,Mendozza,FALTA_REGISTRO,SYS-ID-47930,#FF33F5
cli-1540,Sofía Martínez,23.0,9999999,Maipú,11-08-2026,SYS-ID-66155,#33FF57
1992,Rocío Sgrignieri,61.0,,Mendozza,13-08-2026,SYS-ID-38221,#FF5733
1661,Julieta A.,64.0,33415,G. Cruz,10/08/2026,SYS-ID-49117,#3357FF
1964,Agustin Lopez ,-4.0,29536,San Rafael ,2026/08/10,SYS-ID-45382,#33FFF0
cli-1265,Lucas Garcia ,28.0,34721,Maipú,11-08-2026,SYS-ID-57052,#F0FF33
1955,Abril C.,45.0,20279,Maipú,2026-08-13,SYS-ID-82063,#33FFF0
1742,Sofia Martinez,52.0,,Maypu,2026-08-10,SYS-ID-31174,#3333FF
1713,Agustin Lopez,57.0,40976,Godoy Cruz,2026-08-13,SYS-ID-79163,#FF33F5
1445,Juan Gomez  ,71.0,21574,MENDOZA,2026-08-13,SYS-ID-76237,#3333FF
1396,Sofía Martínez,55.0,9999999,Godoy Cruz ,FALTA_REGISTRO,SYS-ID-87397,#3357FF
1542,Damian Garcia,48.0,42751,Maipu  ,13/08/2026,SYS-ID-93886,#33FFF0
1496,Damian Garcia,182.0,13632,Mendozza,11/08/2026,SYS-ID-80644,#33FF57
1019,Lucas Garcia,53.0,38632,Maipú ,2026/08/11,SYS-ID-22676,#3357FF
1747,Agustin Lopez ,64.0,24573,Mendoza,11-08-2026,SYS-ID-10074,#3333FF
,Ana Perez,-15.0,,godoy cruz,13-08-2026,SYS-ID-10425,#F0FF33
1595,Damian Garcia,48.0,41088,Maypu,FALTA_REGISTRO,SYS-ID-80284,#33FF57
1480,Juan Gomez,,35607,Mendoza ,FALTA_REGISTRO,SYS-ID-76540,#57FF33
1368,D. Garcia,28.0,28712,Mendoza,2026.08.10,SYS-ID-21395,#3357FF
1084,Agustin Lopez ,64.0,38044,maipu,2026-08-13,SYS-ID-46048,#33FFF0
1062,maria rodriguez,45.0,44225,mendoza,13/08/2026,SYS-ID-42087,#F0FF33
1484,juan gomez,35.0,34399,godoy cruz,2026/08/10,SYS-ID-20322,#57FF33
1273,juan gomez,40.0,12628,S Rafael,FALTA_REGISTRO,SYS-ID-36071,#57FF33
1286,Damian Garcia,42.0,35534,Gpe Cruz,13/08/26,SYS-ID-59735,#F0FF33
1361,Abril Cioffi,61.0,No declara,Maypu,2026-08-11,SYS-ID-16175,#F0FF33
1355,Abril Cioffi,41.0,15000,Mendozza,13/08/2026,SYS-ID-68878,#33FFF0
1612,ana perez,41.0,40578,San Rafael ,13/08/26,SYS-ID-74042,#33FF57
1279,abril cioffi,62.0,26091,S Rafael,2026/08/11,SYS-ID-83000,#57FF33
,Lucas Garcia,,29380,Mendza,2026/08/10,SYS-ID-39871,#F0FF33
1183,Lucas Garcia ,47.0,36485,Godoy Cruz ,13/08/26,SYS-ID-96474,#FF33F5
1369,Ana Perez,58.0,31736,Gpe Cruz,12-08-2026,SYS-ID-76237,#F0FF33
1528,Damian Garcia,55.0,27970,maipu,13/08/26,SYS-ID-51347,#33FF57
1644,Damian Garcia,34.0,,Maipu  ,2026/08/11,SYS-ID-75612,#33FF57
1224,Rocío S.,43.0,25094,Maipu  ,2026-08-11,SYS-ID-10074,#FF5733
1600,Julieta A.,46.0,22655,maipu,2026-08-10,SYS-ID-84341,#3333FF
,Rocio Sgrignieri,19.0,20994,godoy cruz,10-08-2026,SYS-ID-31417,#FF33F5
1707,Lucas Garcia,41.0,21029,Mendoza ,13-08-2026,SYS-ID-95909,#FF5733
1571,Juan Gomez  ,210.0,22338,Mendoza,2026/08/10,SYS-ID-24592,#FF5733
1487,Maria Rodriguez,53.0,19758,Mendozza,2026.08.10,SYS-ID-20322,#FF5733
1466,Agustin Lopez ,38.0,,San Rafael ,2026.08.10,SYS-ID-81426,#FF5733
1933,Lucas Garcia ,50.0,32555,Godoy Cruz,13/08/2026,SYS-ID-24371,#3333FF
1637,Lucas Garcia ,42.0,19168,Maipu  ,13/08/26,SYS-ID-62350,#3357FF
1177,maria rodriguez,73.0,14455,Mendoza,10-08-2026,SYS-ID-42087,#33FFF0
1696,Luciano Y.,,,Maypu,13/08/2026,SYS-ID-95909,#3333FF
1656,Rocío Sgrignieri,74.0,21496,Godoy Cruz,12-08-2026,SYS-ID-99593,#FF5733
CLI_1614,julieta aparo,40.0,,S. Rafael,2026/08/10,SYS-ID-92240,#FF33F5
1457,Agustín López,-12.0,,Maipu  ,2026-08-13,SYS-ID-36071,#3333FF
cli-1545,Rocío S.,34.0,,Mendoza ,2026.08.10,SYS-ID-36071,#3333FF
1394,Juan Gomez,26.0,27072,mendoza,11-08-2026,SYS-ID-92397,#3357FF
1164,Sofía Martínez,27.0,21160,S Rafael,12/08/2026,SYS-ID-22676,#57FF33
1249,Facundo Cortiñas,49.0,30585,S Rafael,2026.08.10,SYS-ID-11504,#3333FF
1663,Lucas Garcia ,61.0,32932,G. Cruz,2026.08.10,SYS-ID-23238,#3357FF
1921,Lucas Garcia ,43.0,26346,godoy cruz,2026/08/10,SYS-ID-74042,#3333FF
1998,Ana Perez ,42.0,29951,Maypu,13-08-2026,SYS-ID-65333,#3357FF
1376,Agustin Lopez ,44.0,38505,Godoy Cruz ,2026-08-13,SYS-ID-80697,#33FF57
1413,ana perez,53.0,34812,Godoy Cruz,11-08-2026,SYS-ID-85674,#FF33F5
1075,abril cioffi,20.0,15677,S. Rafael,13/08/2026,SYS-ID-54118,#FF33F5
,julieta aparo,33.0,,Maipu  ,13/08/2026,SYS-ID-23396,#3357FF
1114,ana perez,67.0,42405,Maipu  ,13-08-2026,SYS-ID-10074,#F0FF33
1501,Sofia Martinez,55.0,41736,Godoy Cruz ,2026-08-10,SYS-ID-39871,#33FFF0
1586,luciano yllarreta,26.0,27667,Maypu,2026-08-10,SYS-ID-57447,#33FFF0
1115,Abril C.,22.0,31845,San Rafael ,12-08-2026,SYS-ID-24371,#33FF57
CLI_1418,maria rodriguez,40.0,29634,Mendozza,11/08/2026,SYS-ID-21915,#FF33F5
1090,Julieta A.,,20005,G. Cruz,11/08/2026,SYS-ID-49117,#FF5733
1959,Lucas Garcia,206.0,No declara,Mendza,2026-08-11,SYS-ID-95181,#33FF57
cli-1902,Juan Gomez,59.0,20662,san rafael,11-08-2026,SYS-ID-38221,#FF5733
1634,Lucas Garcia,60.0,44256,G. Cruz,13/08/26,SYS-ID-76784,#33FFF0
1678,Maria Rodriguez,70.0,25919,Maipu  ,2026-08-10,SYS-ID-65333,#3357FF
1012,Abril C.,43.0,No declara,Maypu,12/08/2026,SYS-ID-26828,#33FF57
1397,Maria Rodriguez,195.0,,Maipu  ,2026-08-11,SYS-ID-23238,#3357FF
1558,Rocio Sgrignieri,-14.0,,San Rafael ,2026-08-10,SYS-ID-21915,#3357FF
1043,ana perez,39.0,,Godoy Cruz ,10-08-2026,SYS-ID-70142,#F0FF33
1168,Facundo C.,27.0,25362,Godoy Cruz ,13/08/26,SYS-ID-73699,#FF5733
1417,Agustin Lopez ,44.0,12637,San Rafael ,2026/08/10,SYS-ID-37653,#F0FF33
1788,Sofia Martinez,54.0,,mendoza,13-08-2026,SYS-ID-59735,#33FFF0
1427,Ana Perez,62.0,9999999,San Rafael,13/08/26,SYS-ID-76542,#33FF57
1918,Lucas Garcia ,62.0,42814,Godoy Cruz ,13-08-2026,SYS-ID-93748,#FF5733
1154,juan gomez,-5.0,29344,Maypu,13/08/2026,SYS-ID-44522,#FF5733
1715,abril cioffi,66.0,13534,Mendoza,11-08-2026,SYS-ID-96673,#33FFF0
1732,Ana Perez ,44.0,15860,Maipú ,2026-08-11,SYS-ID-28289,#FF5733
1258,Rocío Sgrignieri,56.0,30672,Mendoza,2026-08-12,SYS-ID-82357,#FF33F5
1336,Lucas Garcia ,19.0,23074,Mendoza ,10/08/2026,SYS-ID-40021,#33FFF0
1016,Ana Perez,-9.0,14889,Mendoza,2026.08.10,SYS-ID-91959,#33FFF0
1658,L. Garcia,33.0,37458,Mendoza,2026-08-13,SYS-ID-40512,#33FFF0
1325,Rocio Sgrignieri,43.0,14314,Maipu  ,11/08/2026,SYS-ID-70589,#FF33F5
1790,Juan Gomez  ,73.0,9999999,Maypu,2026/08/10,SYS-ID-12552,#FF33F5
1223,Agustín López,29.0,32915,S. Rafael,13/08/26,SYS-ID-99353,#FF33F5
1180,S. Martinez,43.0,24109,Mendza,2026/08/11,SYS-ID-24592,#33FFF0
CLI_1100,Ana Perez ,-14.0,36421,Mendza,12/08/2026,SYS-ID-31174,#33FF57
1522,Abril Cioffi,28.0,,Maipú ,13-08-2026,SYS-ID-65302,#3357FF
1023,Rocio Sgrignieri,,34654,S Rafael,10-08-2026,SYS-ID-51347,#FF33F5
1357,Facundo C.,55.0,20823,Gpe Cruz,FALTA_REGISTRO,SYS-ID-73699,#FF5733
1697,D. Garcia,20.0,43857,Maipú,13/08/26,SYS-ID-19116,#FF5733
1897,Rocío S.,19.0,18975,godoy cruz,11-08-2026,SYS-ID-33416,#FF33F5
1341,Agustin Lopez,48.0,12179,Mendoza,10-08-2026,SYS-ID-25014,#3333FF
1432,Facundo C.,41.0,41510,Godoy Cruz ,2026-08-10,SYS-ID-65392,#FF33F5
1577,facundo cortinas,,23526,Mendozza,13/08/26,SYS-ID-92240,#33FF57
1868,Damian Garcia,33.0,14775,Maipú ,2026-08-11,SYS-ID-80697,#FF33F5
1204,Julieta A.,64.0,24061,maipu,10/08/2026,SYS-ID-65333,#FF5733
1737,D. Garcia,18.0,30956,Maypu,2026-08-10,SYS-ID-22280,#3333FF
,Rocio Sgrignieri,,19448,mendoza,12-08-2026,SYS-ID-92240,#33FF57
1584,Facundo Cortiñas,75.0,21762,Maipu  ,13/08/2026,SYS-ID-87397,#FF5733
1069,Abril Cioffi,71.0,44089,Mendza,13/08/26,SYS-ID-59735,#F0FF33
1651,Rocío S.,163.0,30204,maipu,10/08/2026,SYS-ID-41571,#3333FF
1285,Sofia Martinez,53.0,17748,San Rafael ,13/08/2026,SYS-ID-20328,#FF33F5
1837,Juan Gomez,55.0,37437,Godoy Cruz ,12-08-2026,SYS-ID-79514,#3357FF
1435,Abril Cioffi,26.0,No declara,Mendozza,FALTA_REGISTRO,SYS-ID-30032,#F0FF33
1154,juan gomez,-5.0,29344,Maypu,13/08/2026,SYS-ID-44522,#FF5733
1076,maria rodriguez,23.0,37070,Maipú ,13/08/26,SYS-ID-44973,#3357FF
1762,Maria Rodriguez,-1.0,14765,Gpe Cruz,2026-08-10,SYS-ID-91959,#FF33F5
1447,Lucas Garcia,31.0,32454,S Rafael,10/08/2026,SYS-ID-79822,#33FF57
1189,Damian Garcia,174.0,No declara,maipu,2026.08.10,SYS-ID-20322,#FF33F5
1272,abril cioffi,33.0,44332,San Rafael,2026/08/11,SYS-ID-23396,#FF5733
1237,L. Garcia,62.0,9999999,godoy cruz,2026.08.10,SYS-ID-99353,#57FF33
1488,luciano yllarreta,37.0,29943,Mendza,10-08-2026,SYS-ID-54597,#3357FF
1560,Luciano Y.,67.0,16594,maipu,2026-08-13,SYS-ID-52487,#3333FF
1118,Ana Perez,69.0,34507,mendoza,2026-08-11,SYS-ID-21395,#FF33F5
cli-1852,Agustin Lopez,23.0,14294,mendoza,2026-08-12,SYS-ID-99733,#3357FF
1513,Abril C.,19.0,33739,Godoy Cruz,,SYS-ID-23396,#33FFF0
1579,Lucas Garcia,44.0,36610,san rafael,,SYS-ID-44973,#3333FF
1828,Julieta Aparo,18.0,38332,Mendza,FALTA_REGISTRO,SYS-ID-30926,#33FFF0
1127,Lucas Garcia ,21.0,36327,maipu,10-08-2026,SYS-ID-31319,#33FF57
1117,D. Garcia,65.0,41473,Maipu  ,12/08/2026,SYS-ID-66985,#3333FF
1474,Agustín López,65.0,27880,mendoza,13/08/2026,SYS-ID-93227,#33FF57
1724,Agustin Lopez,65.0,20016,maipu,10/08/2026,SYS-ID-95909,#3333FF
CLI_1058,Agustin Lopez ,68.0,24964,Godoy Cruz ,2026/08/11,SYS-ID-93748,#3357FF
1705,Facundo C.,71.0,18939,Maipú ,10-08-2026,SYS-ID-82512,#FF5733
CLI_1949,juan gomez,44.0,No declara,Maipú ,10-08-2026,SYS-ID-23947,#3333FF
1370,maria rodriguez,68.0,39258,maipu,2026/08/10,SYS-ID-45382,#FF33F5
1269,maria rodriguez,72.0,,Maypu,12/08/2026,SYS-ID-47930,#57FF33
1047,Rocío S.,51.0,17610,san rafael,13/08/26,SYS-ID-42953,#FF33F5
1350,Sofía Martínez,73.0,9999999,Gpe Cruz,12/08/2026,SYS-ID-57819,#FF5733
1196,Agustin Lopez ,63.0,9999999,G. Cruz,13/08/2026,SYS-ID-95909,#3357FF
1103,Rocío S.,,32249,S Rafael,2026-08-11,SYS-ID-38221,#57FF33
1869,julieta aparo,50.0,15336,Godoy Cruz ,2026-08-11,SYS-ID-17331,#33FF57
1722,julieta aparo,25.0,38779,Mendoza ,2026-08-12,SYS-ID-21395,#3357FF
1768,julieta aparo,45.0,28026,MENDOZA,11/08/2026,SYS-ID-60432,#33FFF0
1264,Rocío Sgrignieri,,,Godoy Cruz ,10/08/2026,SYS-ID-94939,#3357FF
1444,María Rodríguez,,39541,S. Rafael,13/08/26,SYS-ID-17331,#3333FF
1706,Maria Rodriguez,73.0,35700,Mendozza,13-08-2026,SYS-ID-82063,#3333FF
CLI_1305,Damian Garcia,41.0,36209,Mendozza,11-08-2026,SYS-ID-44718,#3333FF
cli-1342,Ana Perez ,22.0,18638,San Rafael ,13-08-2026,SYS-ID-37460,#33FFF0
1627,D. Garcia,23.0,19583,godoy cruz,2026-08-12,SYS-ID-88504,#3333FF
1167,Maria Rodriguez,64.0,36916,Mendza,2026/08/11,SYS-ID-98696,#33FF57
1150,Sofía Martínez,67.0,16833,Mendza,2026/08/10,SYS-ID-83579,#3333FF
,julieta aparo,33.0,30673,G. Cruz,2026/08/11,SYS-ID-94939,#3333FF
1818,María Rodríguez,47.0,21657,San Rafael ,2026-08-11,SYS-ID-46048,#33FF57
1856,Maria Rodriguez,23.0,39875,Mendza,2026/08/10,SYS-ID-76542,#33FFF0
1051,Agustín López,41.0,9999999,Mendoza,2026.08.10,SYS-ID-93320,#FF5733
1354,Sofía Martínez,41.0,19472,Mendoza ,2026/08/11,SYS-ID-93810,#F0FF33
1967,Lucas Garcia,45.0,107820,Godoy Cruz,2026/08/10,SYS-ID-83579,#3357FF
1143,Maria Rodriguez,27.0,40716,MENDOZA,2026/08/11,SYS-ID-89507,#F0FF33
1471,Abril C.,27.0,26470,Mendza,,SYS-ID-21226,#57FF33
1400,ana perez,42.0,No declara,Mendoza,13/08/2026,SYS-ID-23396,#33FF57
1654,L. Garcia,38.0,37555,san rafael,11/08/2026,SYS-ID-38221,#33FF57
1321,Juan Gomez,56.0,32018,Maypu,2026-08-13,SYS-ID-45382,#3333FF
1020,juan gomez,39.0,38982,san rafael,10-08-2026,SYS-ID-14207,#FF5733
1843,D. Garcia,26.0,15547,S. Rafael,2026-08-11,SYS-ID-99353,#3357FF
1947,Damian Garcia,66.0,23522,G. Cruz,2026-08-11,SYS-ID-79352,#3357FF
1842,D. Garcia,45.0,34826,godoy cruz,2026-08-12,SYS-ID-31319,#FF33F5
1408,Julieta Aparo,57.0,15411,Mendozza,2026-08-10,SYS-ID-95181,#3357FF
1538,facundo cortinas,53.0,37212,Godoy Cruz,13/08/2026,SYS-ID-66985,#FF5733
1880,María Rodríguez,29.0,19537,San Rafael ,2026/08/11,SYS-ID-59009,#57FF33
1039,Julieta A.,22.0,14638,Mendoza,11/08/2026,SYS-ID-39256,#3357FF
1176,Ana Perez ,32.0,14444,Mendozza,2026-08-11,SYS-ID-81482,#57FF33
1246,Lucas Garcia ,26.0,33108,san rafael,2026-08-13,SYS-ID-76784,#3357FF
1938,Damian Garcia,48.0,9999999,San Rafael,10/08/2026,SYS-ID-48469,#57FF33
1698,Facundo Cortiñas,53.0,,Maypu,13/08/26,SYS-ID-46463,#3333FF
1786,ana perez,75.0,20515,San Rafael,13/08/26,SYS-ID-59797,#33FFF0
1894,Maria Rodriguez,52.0,14561,Maypu,11-08-2026,SYS-ID-46421,#33FFF0
1155,Damian Garcia,37.0,38613,S. Rafael,10/08/2026,SYS-ID-59797,#3333FF
1288,Agustin Lopez ,24.0,27804,San Rafael ,10/08/2026,SYS-ID-82063,#FF33F5
1631,Sofia Martinez,63.0,29889,Maypu,12-08-2026,SYS-ID-62350,#57FF33
1570,Julieta Aparo,,39207,Mendozza,2026-08-11,SYS-ID-44718,#FF33F5
1775,Ana Perez ,50.0,17122,San Rafael ,10-08-2026,SYS-ID-10851,#33FF57
1018,D. Garcia,26.0,,Godoy Cruz,10/08/2026,SYS-ID-83000,#FF33F5
1128,Rocío S.,50.0,9999999,Godoy Cruz ,2026/08/11,SYS-ID-83579,#F0FF33
1323,Lucas Garcia,39.0,33308,San Rafael ,2026-08-12,SYS-ID-80284,#3357FF
1256,Maria Rodriguez,64.0,21920,Godoy Cruz ,13-08-2026,SYS-ID-91070,#33FF57
1993,Facundo Cortiñas,29.0,17044,Mendozza,2026-08-10,SYS-ID-24621,#F0FF33
1572,Ana Perez ,55.0,39277,Gpe Cruz,11/08/2026,SYS-ID-38221,#33FFF0
1191,Rocío S.,74.0,19395,MENDOZA,13/08/2026,SYS-ID-10425,#FF5733
1116,Facundo C.,,30813,mendoza,2026/08/10,SYS-ID-10425,#57FF33
1645,Lucas Garcia,35.0,,Maipú,11/08/2026,SYS-ID-59735,#33FF57
1607,Facundo C.,44.0,30915,Mendozza,13/08/2026,SYS-ID-20322,#57FF33
1181,Facundo C.,39.0,12749,San Rafael ,2026/08/11,SYS-ID-22280,#33FF57
1302,Lucas Garcia,30.0,29384,S. Rafael,10-08-2026,SYS-ID-65302,#57FF33
1791,luciano yllarreta,53.0,No declara,Godoy Cruz,,SYS-ID-38893,#F0FF33
1744,Agustín López,32.0,30424,Godoy Cruz,2026-08-12,SYS-ID-17592,#FF33F5
1755,Luciano Yllarreta,57.0,27277,Maipú ,2026-08-10,SYS-ID-80644,#57FF33
1716,S. Martinez,137.0,29023,Maypu,10-08-2026,SYS-ID-65302,#33FF57
1793,Luciano Y.,43.0,,San Rafael ,2026.08.10,SYS-ID-32431,#3333FF
1518,Damián García,26.0,14395,G. Cruz,10-08-2026,SYS-ID-24592,#33FFF0
1373,S. Martinez,20.0,24616,S Rafael,10-08-2026,SYS-ID-57052,#FF5733
1046,Luciano Yllarreta,49.0,23917,Gpe Cruz,11-08-2026,SYS-ID-70589,#33FFF0
1946,julieta aparo,,44904,Mendoza ,13-08-2026,SYS-ID-37869,#57FF33
1158,Luciano Yllarreta,44.0,22466,S Rafael,12/08/2026,SYS-ID-80284,#3357FF
1961,luciano yllarreta,38.0,41548,Mendozza,2026-08-10,SYS-ID-44671,#FF5733
1172,María Rodríguez,36.0,17179,Godoy Cruz,11-08-2026,SYS-ID-26483,#3333FF
1017,Facundo C.,45.0,19331,mendoza,2026.08.10,SYS-ID-88104,#FF5733
1512,facundo cortinas,52.0,42308,Godoy Cruz ,10/08/2026,SYS-ID-99192,#33FFF0
1049,Damián García,65.0,35056,G. Cruz,11-08-2026,SYS-ID-19116,#33FF57
1819,Luciano Yllarreta,55.0,17265,Maipú,13/08/2026,SYS-ID-57052,#57FF33
1875,Facundo C.,40.0,12380,Godoy Cruz,11/08/2026,SYS-ID-87236,#FF33F5
1516,abril cioffi,37.0,9999999,Godoy Cruz,11/08/2026,SYS-ID-95181,#3333FF
1717,Juan Gomez,33.0,27324,Godoy Cruz,2026.08.10,SYS-ID-41385,#57FF33
1481,Luciano Yllarreta,63.0,,S Rafael,2026/08/10,SYS-ID-70217,#FF33F5
1284,Facundo Cortiñas,31.0,30021,San Rafael ,2026.08.10,SYS-ID-98696,#FF33F5
1750,Luciano Y.,23.0,13662,san rafael,13/08/2026,SYS-ID-88907,#FF33F5
1866,Ana Perez,-11.0,44299,Mendoza,13/08/2026,SYS-ID-79514,#3357FF
cli-1226,abril cioffi,60.0,9999999,Godoy Cruz ,2026/08/10,SYS-ID-42325,#3333FF
1027,Abril C.,46.0,43010,Mendozza,2026-08-12,SYS-ID-92240,#F0FF33
CLI_1814,Lucas Garcia ,30.0,9999999,San Rafael,FALTA_REGISTRO,SYS-ID-16175,#F0FF33
1438,Rocio Sgrignieri,18.0,,Mendza,13/08/26,SYS-ID-18326,#FF5733
1991,Maria Rodriguez,40.0,30872,Mendoza,13/08/26,SYS-ID-19071,#33FFF0
1365,D. Garcia,50.0,30850,MENDOZA,2026-08-13,SYS-ID-95909,#F0FF33
1230,juan gomez,36.0,17626,Mendoza ,2026.08.10,SYS-ID-45382,#33FFF0
1038,Abril C.,74.0,39627,San Rafael ,13/08/26,SYS-ID-42098,#FF5733
1670,Abril C.,43.0,37132,Godoy Cruz ,11-08-2026,SYS-ID-76237,#33FF57
1681,Juan Gomez,20.0,41694,S Rafael,2026.08.10,SYS-ID-92397,#FF5733
1375,María Rodríguez,,14482,mendoza,,SYS-ID-44671,#33FFF0
1470,Agustin Lopez ,72.0,12749,Maypu,2026-08-13,SYS-ID-14165,#33FFF0
cli-1311,María Rodríguez,55.0,18566,Mendoza ,10-08-2026,SYS-ID-58520,#F0FF33
1886,Lucas Garcia,61.0,20539,S Rafael,12-08-2026,SYS-ID-79822,#F0FF33
CLI_1735,juan gomez,32.0,13220,San Rafael ,10-08-2026,SYS-ID-47930,#3357FF
1757,Lucas Garcia,-6.0,24688,Maipu  ,11-08-2026,SYS-ID-93886,#57FF33
1195,Luciano Yllarreta,38.0,38755,Mendza,2026-08-11,SYS-ID-96474,#3333FF
1890,Damián García,50.0,22940,Maipú ,2026.08.10,SYS-ID-56566,#FF5733
,Maria Rodriguez,70.0,24310,mendoza,13/08/2026,SYS-ID-39871,#3333FF
1504,Abril Cioffi,62.0,23627,G. Cruz,12-08-2026,SYS-ID-81482,#33FF57
1296,Agustin Lopez ,24.0,21217,S Rafael,2026/08/11,SYS-ID-59735,#F0FF33
1865,luciano yllarreta,72.0,,mendoza,,SYS-ID-96673,#33FF57
CLI_1580,Facundo Cortiñas,57.0,37384,Godoy Cruz,11/08/2026,SYS-ID-76542,#F0FF33
1499,María Rodríguez,63.0,,S. Rafael,13-08-2026,SYS-ID-58520,#3357FF
1681,Juan Gomez,20.0,41694,S Rafael,2026.08.10,SYS-ID-92397,#FF5733
1163,julieta aparo,30.0,38305,Maipú,FALTA_REGISTRO,SYS-ID-81482,#3357FF
1733,Lucas Garcia,44.0,28903,godoy cruz,10-08-2026,SYS-ID-14165,#FF33F5
1153,Ana Perez ,28.0,22105,Mendozza,12/08/2026,SYS-ID-11504,#FF5733
1712,D. Garcia,64.0,34554,Mendoza,2026.08.10,SYS-ID-24662,#57FF33
1731,Abril C.,23.0,No declara,Mendoza ,2026-08-12,SYS-ID-38221,#3357FF
1787,S. Martinez,47.0,12487,Mendza,2026-08-13,SYS-ID-66985,#FF33F5
1112,Damián García,,34250,san rafael,2026-08-11,SYS-ID-88907,#33FF57
1227,Damian Garcia,73.0,14409,Godoy Cruz,2026/08/10,SYS-ID-68878,#FF33F5
CLI_1719,Facundo Cortiñas,48.0,17116,Godoy Cruz,2026-08-13,SYS-ID-94012,#57FF33
CLI_1104,juan gomez,-7.0,39514,G. Cruz,12-08-2026,SYS-ID-94939,#F0FF33
1422,Luciano Y.,67.0,9999999,Mendoza ,13-08-2026,SYS-ID-19358,#FF5733
1420,Sofia Martinez,66.0,14769,Gpe Cruz,12/08/2026,SYS-ID-74686,#33FFF0
1782,Julieta Aparo,69.0,37617,godoy cruz,2026-08-13,SYS-ID-38657,#57FF33
1587,facundo cortinas,65.0,41808,G. Cruz,2026-08-13,SYS-ID-70217,#F0FF33
1812,Facundo Cortiñas,70.0,43588,Mendoza,13/08/2026,SYS-ID-83563,#33FFF0
1673,Sofia Martinez,74.0,17875,S Rafael,13/08/2026,SYS-ID-38221,#33FFF0
1120,Ana Perez,59.0,33606,Mendoza ,2026-08-13,SYS-ID-31319,#33FFF0
1054,Ana Perez,69.0,31912,mendoza,10-08-2026,SYS-ID-42953,#57FF33
1152,Maria Rodriguez,63.0,30615,mendoza,11-08-2026,SYS-ID-65392,#33FFF0
,Juan Gomez,25.0,36577,Maypu,12/08/2026,SYS-ID-51245,#F0FF33
1985,Agustín López,,32129,Maipu  ,2026.08.10,SYS-ID-86622,#33FF57
1208,Damián García,30.0,28542,Godoy Cruz,2026-08-13,SYS-ID-13478,#F0FF33
CLI_1659,Rocío Sgrignieri,73.0,40760,Maypu,13/08/2026,SYS-ID-98696,#33FFF0
,Abril C.,-11.0,,Godoy Cruz,2026-08-13,SYS-ID-16175,#FF33F5
1794,ana perez,-5.0,40686,Mendza,11-08-2026,SYS-ID-22676,#3357FF
1009,facundo cortinas,62.0,43894,Mendza,11/08/2026,SYS-ID-13905,#FF5733
cli-1980,Abril C.,66.0,39085,Maypu,10-08-2026,SYS-ID-99192,#FF33F5
1037,juan gomez,-9.0,No declara,G. Cruz,11-08-2026,SYS-ID-14207,#F0FF33
1453,maria rodriguez,38.0,30043,Maipú ,2026-08-11,SYS-ID-40495,#3357FF
1652,Ana Perez,23.0,31528,mendoza,13/08/2026,SYS-ID-99733,#33FF57
1254,L. Garcia,45.0,43306,mendoza,2026/08/10,SYS-ID-21226,#33FF57
,Maria Rodriguez,23.0,19569,S. Rafael,13/08/26,SYS-ID-76784,#33FFF0
1778,S. Martinez,27.0,26914,san rafael,11/08/2026,SYS-ID-62350,#FF33F5
1572,Ana Perez ,55.0,39277,Gpe Cruz,11/08/2026,SYS-ID-38221,#33FFF0
CLI_1624,Juan Gomez,63.0,96170,Mendozza,2026-08-10,SYS-ID-84364,#33FF57
1741,Julieta Aparo,,12134,Maipú ,2026-08-10,SYS-ID-80697,#3357FF
1751,Julieta Aparo,58.0,13826,Gpe Cruz,2026-08-10,SYS-ID-54587,#F0FF33
1263,S. Martinez,69.0,9999999,S Rafael,2026/08/10,SYS-ID-94939,#57FF33
1611,Sofía Martínez,166.0,44236,Maypu,10-08-2026,SYS-ID-82063,#33FFF0
1298,Julieta A.,24.0,15155,godoy cruz,13/08/2026,SYS-ID-57052,#57FF33
1415,L. Garcia,34.0,28393,G. Cruz,13/08/26,SYS-ID-44741,#FF33F5
1151,Julieta A.,200.0,23925,Mendza,10/08/2026,SYS-ID-30926,#3357FF
1820,abril cioffi,52.0,37086,Maipu  ,13/08/2026,SYS-ID-26828,#33FF57
,Abril C.,,39687,Maipu  ,13/08/2026,SYS-ID-46434,#FF5733
1926,Luciano Y.,26.0,18381,S Rafael,10-08-2026,SYS-ID-16175,#3357FF
1551,Lucas Garcia,55.0,27846,Maipu  ,12/08/2026,SYS-ID-79514,#3357FF
1823,maria rodriguez,25.0,25931,Mendozza,2026-08-11,SYS-ID-72296,#FF33F5
,Rocío S.,57.0,27216,san rafael,12-08-2026,SYS-ID-13478,#3333FF
1711,Luciano Y.,60.0,21892,Maipu  ,,SYS-ID-76542,#33FFF0
1148,Maria Rodriguez,62.0,35690,Maipú,11/08/2026,SYS-ID-30379,#FF33F5
cli-1147,ana perez,75.0,17753,S Rafael,2026/08/10,SYS-ID-71348,#33FFF0
1752,Rocío Sgrignieri,-12.0,15567,S Rafael,2026/08/11,SYS-ID-76237,#3333FF
1971,Lucas Garcia,63.0,16903,Maipu  ,13/08/2026,SYS-ID-10074,#57FF33
1771,Sofía Martínez,49.0,38276,Maypu,10/08/2026,SYS-ID-48427,#FF33F5
1660,Sofia Martinez,44.0,33805,Godoy Cruz ,10-08-2026,SYS-ID-22676,#33FFF0
1349,Lucas Garcia,64.0,34659,Maypu,10/08/2026,SYS-ID-13278,#3357FF
1464,Facundo Cortiñas,38.0,26019,godoy cruz,11-08-2026,SYS-ID-38785,#3333FF
1326,Sofía Martínez,60.0,31673,Mendozza,2026-08-11,SYS-ID-37460,#33FF57
1187,Juan Gomez  ,62.0,,MENDOZA,2026/08/10,SYS-ID-86484,#FF5733
1124,Lucas Garcia ,27.0,9999999,Maipú ,2026-08-11,SYS-ID-41571,#3333FF
,Agustín López,63.0,34763,Godoy Cruz,10-08-2026,SYS-ID-28726,#33FF57
1609,Rocío S.,53.0,20973,San Rafael,2026-08-13,SYS-ID-56566,#3333FF
1144,Juan Gomez  ,61.0,36311,Godoy Cruz,2026/08/10,SYS-ID-25014,#3357FF
1478,Julieta Aparo,52.0,28951,maipu,2026.08.10,SYS-ID-74042,#FF5733
CLI_1198,Luciano Yllarreta,56.0,,mendoza,11/08/2026,SYS-ID-57447,#FF33F5
,abril cioffi,37.0,42372,san rafael,FALTA_REGISTRO,SYS-ID-93810,#3357FF
1280,abril cioffi,29.0,,godoy cruz,2026/08/11,SYS-ID-81426,#3333FF
1294,Facundo Cortiñas,49.0,23416,maipu,12-08-2026,SYS-ID-85674,#3357FF
1401,Juan Gomez  ,52.0,19701,mendoza,2026.08.10,SYS-ID-66985,#FF5733
1123,Agustin Lopez,67.0,26846,Mendza,2026-08-12,SYS-ID-64987,#FF5733
1184,Ana Perez ,51.0,17118,Maipu  ,11/08/2026,SYS-ID-25014,#3357FF
1203,Rocío Sgrignieri,59.0,34122,San Rafael ,13/08/26,SYS-ID-84364,#3333FF
1439,Sofia Martinez,48.0,40209,S. Rafael,2026-08-10,SYS-ID-71348,#F0FF33
1247,Rocío S.,42.0,18101,godoy cruz,11-08-2026,SYS-ID-74042,#F0FF33
1416,facundo cortinas,75.0,13792,Gpe Cruz,2026/08/10,SYS-ID-14207,#FF33F5
1808,Rocío Sgrignieri,62.0,37001,Maipú,13-08-2026,SYS-ID-76542,#FF5733
1797,abril cioffi,56.0,,godoy cruz,2026/08/11,SYS-ID-17331,#FF33F5
1960,julieta aparo,31.0,44180,Mendoza,13/08/26,SYS-ID-33416,#33FF57
1800,L. Garcia,24.0,23378,Mendoza,12/08/2026,SYS-ID-46048,#57FF33
1924,abril cioffi,30.0,14121,san rafael,10/08/2026,SYS-ID-11504,#3333FF
1130,Lucas Garcia,59.0,21571,Mendza,FALTA_REGISTRO,SYS-ID-86484,#3357FF
1638,Luciano Y.,55.0,35118,S. Rafael,2026-08-10,SYS-ID-54587,#FF5733
1403,Lucas Garcia,34.0,27237,mendoza,13/08/2026,SYS-ID-40512,#FF33F5
1937,Julieta Aparo,,43869,San Rafael,13/08/26,SYS-ID-46463,#33FFF0
1802,Sofia Martinez,24.0,23236,San Rafael ,12/08/2026,SYS-ID-76542,#57FF33
1736,luciano yllarreta,72.0,25333,Mendza,2026-08-11,SYS-ID-39871,#57FF33
1950,Juan Gomez  ,72.0,26606,G. Cruz,10-08-2026,SYS-ID-59615,#3333FF
1220,Rocío S.,22.0,9999999,San Rafael ,13/08/26,SYS-ID-88907,#F0FF33
1642,juan gomez,42.0,33130,Maipu  ,13/08/26,SYS-ID-64987,#FF33F5
1952,Rocio Sgrignieri,75.0,39178,san rafael,FALTA_REGISTRO,SYS-ID-95909,#FF5733
,Agustín López,,30600,San Rafael,2026/08/10,SYS-ID-80644,#FF5733
1888,Facundo C.,22.0,34472,S. Rafael,11/08/2026,SYS-ID-18326,#3357FF
1957,juan gomez,26.0,35469,Mendozza,2026/08/11,SYS-ID-97841,#FF33F5
1625,S. Martinez,48.0,24132,G. Cruz,10-08-2026,SYS-ID-15695,#F0FF33
,Facundo Cortiñas,23.0,22073,Godoy Cruz ,13/08/26,SYS-ID-24592,#3357FF
cli-1923,julieta aparo,72.0,27697,S. Rafael,10-08-2026,SYS-ID-38657,#FF33F5
1387,ana perez,75.0,,Maipú,2026-08-13,SYS-ID-31643,#FF33F5
1302,Lucas Garcia,30.0,29384,S. Rafael,10-08-2026,SYS-ID-65302,#57FF33
1510,Rocio Sgrignieri,37.0,33228,Mendoza,12/08/2026,SYS-ID-70589,#57FF33
1268,L. Garcia,50.0,,Mendoza,13/08/26,SYS-ID-99733,#57FF33
1853,Juan Gomez,20.0,31228,maipu,13/08/26,SYS-ID-74042,#F0FF33
1442,maria rodriguez,144.0,41672,San Rafael ,13/08/26,SYS-ID-80284,#F0FF33
1497,Maria Rodriguez,25.0,,G. Cruz,2026/08/10,SYS-ID-65333,#57FF33
1113,Agustín López,40.0,21679,san rafael,11-08-2026,SYS-ID-59615,#3357FF
1692,Luciano Y.,65.0,43897,S. Rafael,12-08-2026,SYS-ID-52487,#57FF33
1233,Agustin Lopez ,58.0,120800,godoy cruz,FALTA_REGISTRO,SYS-ID-10425,#FF33F5
1905,Lucas Garcia,71.0,12079,san rafael,FALTA_REGISTRO,SYS-ID-94259,#57FF33
cli-1608,Ana Perez ,37.0,33981,mendoza,2026-08-13,SYS-ID-36062,#FF5733
1672,Luciano Yllarreta,43.0,20666,maipu,FALTA_REGISTRO,SYS-ID-44671,#33FFF0
1374,Agustin Lopez,67.0,39800,Mendoza ,13/08/2026,SYS-ID-93748,#33FF57
1055,Agustin Lopez ,42.0,41014,S. Rafael,13/08/2026,SYS-ID-99593,#FF5733
cli-1878,Lucas Garcia,26.0,9999999,Maipú,FALTA_REGISTRO,SYS-ID-88504,#FF33F5
1234,Facundo Cortiñas,63.0,30241,mendoza,2026-08-11,SYS-ID-99733,#F0FF33
1817,julieta aparo,59.0,39789,san rafael,10/08/2026,SYS-ID-38785,#FF5733
1677,D. Garcia,49.0,No declara,Mendza,2026/08/10,SYS-ID-82357,#33FFF0
1318,Sofia Martinez,29.0,43102,Maipu  ,12-08-2026,SYS-ID-22676,#33FFF0
1649,ana perez,72.0,30811,Maypu,2026/08/11,SYS-ID-84341,#FF33F5
1411,Damián García,20.0,27182,Maipú ,10/08/2026,SYS-ID-38785,#FF33F5
1935,Maria Rodriguez,72.0,,godoy cruz,2026/08/10,SYS-ID-45382,#3333FF
1710,Facundo C.,18.0,16560,mendoza,2026-08-13,SYS-ID-44741,#3357FF
1359,Abril C.,42.0,28268,San Rafael ,12/08/2026,SYS-ID-37460,#3333FF
1259,Abril Cioffi,68.0,27685,Gpe Cruz,2026/08/11,SYS-ID-21915,#33FF57
1745,Sofia Martinez,20.0,25702,Mendoza,2026-08-13,SYS-ID-87236,#33FFF0
1628,luciano yllarreta,72.0,16561,Gpe Cruz,12-08-2026,SYS-ID-44671,#FF5733
,Ana Perez,49.0,23737,godoy cruz,12/08/2026,SYS-ID-22156,#33FFF0
1283,Julieta Aparo,189.0,,Maipu  ,2026-08-13,SYS-ID-21915,#FF5733
1377,ana perez,55.0,,mendoza,10-08-2026,SYS-ID-56566,#33FFF0
1385,Facundo Cortiñas,41.0,No declara,S Rafael,13-08-2026,SYS-ID-42325,#F0FF33
1225,facundo cortinas,31.0,31092,mendoza,13/08/2026,SYS-ID-80697,#3333FF
1995,Lucas Garcia,-3.0,41662,Gpe Cruz,11-08-2026,SYS-ID-30032,#3333FF
1848,L. Garcia,145.0,26741,Mendoza,13/08/26,SYS-ID-93320,#33FF57
1473,Rocio Sgrignieri,-7.0,20544,Mendza,11/08/2026,SYS-ID-28131,#57FF33
1348,ana perez,38.0,,Maipú,2026/08/11,SYS-ID-31174,#F0FF33
cli-1506,Rocío S.,44.0,25700,Maipú ,,SYS-ID-25014,#33FF57
1640,Rocío Sgrignieri,59.0,17566,mendoza,10-08-2026,SYS-ID-31417,#3357FF
1006,Lucas Garcia,30.0,21186,Godoy Cruz ,13-08-2026,SYS-ID-47930,#33FF57
1798,juan gomez,18.0,24592,mendoza,10-08-2026,SYS-ID-59009,#3357FF
1968,S. Martinez,44.0,35085,godoy cruz,FALTA_REGISTRO,SYS-ID-15695,#F0FF33
1942,Maria Rodriguez,45.0,37502,Mendoza,11/08/2026,SYS-ID-88907,#3357FF
1620,Agustin Lopez,140.0,19321,mendoza,FALTA_REGISTRO,SYS-ID-38746,#57FF33
1891,Ana Perez,62.0,115120,Gpe Cruz,2026/08/10,SYS-ID-57052,#3333FF
1836,Abril Cioffi,-14.0,24331,Mendoza ,2026.08.10,SYS-ID-19358,#57FF33
1646,abril cioffi,37.0,32535,San Rafael,11-08-2026,SYS-ID-75612,#3333FF
cli-1882,Juan Gomez  ,30.0,39938,Mendoza,2026/08/10,SYS-ID-14165,#57FF33
CLI_1557,Agustín López,29.0,19106,Mendza,13/08/2026,SYS-ID-91070,#33FF57
2000,facundo cortinas,68.0,30901,Mendoza ,13/08/26,SYS-ID-88504,#3357FF
CLI_1578,Rocío Sgrignieri,55.0,39463,San Rafael,12/08/2026,SYS-ID-35203,#33FF57
1796,María Rodríguez,29.0,14257,maipu,10/08/2026,SYS-ID-23947,#33FF57
1086,D. Garcia,57.0,16142,Maypu,2026-08-12,SYS-ID-76540,#57FF33
1243,Julieta A.,23.0,19693,san rafael,12-08-2026,SYS-ID-50306,#57FF33
1699,Julieta A.,45.0,,S. Rafael,13/08/26,SYS-ID-59735,#3333FF
1910,Luciano Yllarreta,68.0,43354,mendoza,13/08/2026,SYS-ID-20322,#33FFF0
1160,Ana Perez,,42840,S. Rafael,10-08-2026,SYS-ID-70142,#3357FF
CLI_1525,abril cioffi,63.0,42837,san rafael,2026.08.10,SYS-ID-10425,#33FFF0
1036,Sofia Martinez,,38497,Mendozza,2026.08.10,SYS-ID-75612,#FF5733
1541,Ana Perez ,58.0,17117,Maypu,2026-08-12,SYS-ID-69470,#FF5733
1171,Sofia Martinez,40.0,29921,S. Rafael,2026-08-13,SYS-ID-18675,#F0FF33
1655,Rocío S.,34.0,15665,Gpe Cruz,10-08-2026,SYS-ID-89840,#57FF33
,Luciano Yllarreta,73.0,31013,Mendozza,13-08-2026,SYS-ID-13478,#33FF57
1893,Juan Gomez,68.0,28962,S. Rafael,2026-08-12,SYS-ID-50306,#33FFF0
1883,abril cioffi,32.0,39923,Gpe Cruz,,SYS-ID-94259,#FF5733
1984,María Rodríguez,24.0,26338,Godoy Cruz,13-08-2026,SYS-ID-44522,#FF33F5
1734,Rocío Sgrignieri,66.0,19541,San Rafael ,,SYS-ID-86622,#57FF33
1096,Facundo Cortiñas,49.0,41069,mendoza,12/08/2026,SYS-ID-30730,#3357FF
cli-1564,Agustín López,,27629,Gpe Cruz,2026-08-12,SYS-ID-21915,#3333FF
1241,Damian Garcia,67.0,44460,maipu,10-08-2026,SYS-ID-46434,#F0FF33
1743,Julieta A.,42.0,35459,godoy cruz,2026-08-10,SYS-ID-30926,#3333FF
1575,Damian Garcia,47.0,25638,San Rafael ,,SYS-ID-87236,#3357FF
1691,Rocio Sgrignieri,24.0,13174,Mendoza,2026-08-10,SYS-ID-55082,#3333FF
cli-1461,Agustin Lopez ,30.0,90750,Maipu  ,2026-08-11,SYS-ID-42953,#57FF33
1554,L. Garcia,25.0,,Maipú ,2026-08-11,SYS-ID-87236,#3357FF
,Rocío Sgrignieri,,No declara,Mendoza ,13/08/2026,SYS-ID-38657,#F0FF33
1914,Sofía Martínez,25.0,,Godoy Cruz,2026.08.10,SYS-ID-37460,#3333FF
,Damián García,52.0,13123,Maipú,13/08/2026,SYS-ID-44671,#33FF57
1393,ana perez,42.0,26607,Maipú,12-08-2026,SYS-ID-28131,#3333FF
1795,Lucas Garcia,25.0,37614,Mendozza,,SYS-ID-82063,#FF5733
1398,Luciano Y.,54.0,30576,mendoza,13/08/26,SYS-ID-38746,#3357FF
1767,Rocío Sgrignieri,41.0,40424,mendoza,2026.08.10,SYS-ID-80284,#FF33F5
1884,Rocío S.,40.0,28185,S Rafael,2026-08-11,SYS-ID-21395,#FF5733
1218,S. Martinez,19.0,,maipu,12/08/2026,SYS-ID-51347,#FF5733
CLI_1005,Facundo Cortiñas,44.0,15550,Maypu,10-08-2026,SYS-ID-22280,#57FF33
1769,Abril C.,58.0,20287,Maipú,13/08/26,SYS-ID-48427,#33FF57
1643,S. Martinez,60.0,31629,Godoy Cruz,11/08/2026,SYS-ID-21915,#33FF57
1934,Juan Gomez  ,59.0,,san rafael,2026-08-10,SYS-ID-22156,#33FF57
1613,juan gomez,28.0,21577,S Rafael,2026.08.10,SYS-ID-83000,#3357FF
1739,ana perez,43.0,21152,maipu,13/08/2026,SYS-ID-48427,#F0FF33
1547,María Rodríguez,66.0,37111,san rafael,2026-08-11,SYS-ID-48427,#F0FF33
1726,María Rodríguez,38.0,,Maipú ,13/08/2026,SYS-ID-62581,#FF33F5
1954,Luciano Y.,69.0,40121,Mendza,2026-08-13,SYS-ID-20322,#3357FF
1684,Lucas Garcia ,24.0,25098,Gpe Cruz,2026-08-13,SYS-ID-62350,#33FFF0
1099,Luciano Y.,24.0,32481,San Rafael ,2026.08.10,SYS-ID-88504,#3333FF
1805,Rocío Sgrignieri,21.0,No declara,Gpe Cruz,2026.08.10,SYS-ID-40021,#FF33F5
1728,abril cioffi,25.0,17580,San Rafael,10/08/2026,SYS-ID-99166,#FF33F5
1574,abril cioffi,18.0,24576,Mendoza ,10-08-2026,SYS-ID-44522,#F0FF33
1407,Luciano Y.,72.0,19804,san rafael,2026-08-11,SYS-ID-64987,#FF33F5
cli-1503,Juan Gomez  ,71.0,33699,mendoza,FALTA_REGISTRO,SYS-ID-95909,#3357FF
1048,Sofia Martinez,19.0,,san rafael,2026/08/11,SYS-ID-99593,#F0FF33
CLI_1033,Abril Cioffi,39.0,17280,Mendza,2026-08-13,SYS-ID-74042,#3357FF
1780,Facundo C.,19.0,20411,S. Rafael,2026-08-10,SYS-ID-21915,#F0FF33
1840,Agustin Lopez,63.0,15854,S Rafael,11/08/2026,SYS-ID-21226,#FF33F5
1201,Sofia Martinez,69.0,42768,S Rafael,12-08-2026,SYS-ID-19358,#57FF33
1135,Sofía Martínez,,36464,San Rafael ,12-08-2026,SYS-ID-40495,#F0FF33
CLI_1028,Rocío Sgrignieri,32.0,21656,Mendoza,FALTA_REGISTRO,SYS-ID-62350,#33FF57
1916,juan gomez,45.0,18947,Maipu  ,,SYS-ID-24621,#3357FF
1231,Agustin Lopez,40.0,40715,G. Cruz,2026-08-12,SYS-ID-87397,#33FF57
cli-1490,Sofía Martínez,41.0,113480,Gpe Cruz,2026-08-11,SYS-ID-26361,#FF33F5
cli-1773,Ana Perez ,51.0,14696,G. Cruz,12/08/2026,SYS-ID-94259,#3333FF
1379,Damian Garcia,58.0,9999999,Maypu,2026-08-10,SYS-ID-79352,#3357FF
1289,Luciano Yllarreta,71.0,23384,Mendozza,12/08/2026,SYS-ID-73699,#F0FF33
1419,Rocío Sgrignieri,31.0,28364,Maipú ,10-08-2026,SYS-ID-10851,#33FF57
1675,Facundo Cortiñas,38.0,44196,Mendza,13-08-2026,SYS-ID-14165,#FF33F5
1392,Abril C.,-7.0,29923,San Rafael ,2026-08-11,SYS-ID-40021,#57FF33
1593,ana perez,74.0,17254,godoy cruz,2026-08-12,SYS-ID-88907,#33FF57
1499,María Rodríguez,63.0,,S. Rafael,13-08-2026,SYS-ID-58520,#3357FF
1139,Ana Perez,39.0,36118,Godoy Cruz ,13-08-2026,SYS-ID-51347,#F0FF33
1063,Maria Rodriguez,62.0,38244,maipu,FALTA_REGISTRO,SYS-ID-36062,#F0FF33
1472,S. Martinez,-9.0,37842,Mendza,2026/08/10,SYS-ID-62350,#FF5733
1648,Ana Perez,41.0,27753,Mendza,2026-08-12,SYS-ID-28726,#57FF33
1129,luciano yllarreta,,27451,godoy cruz,12-08-2026,SYS-ID-85674,#FF5733
1223,Agustín López,29.0,32915,S. Rafael,13/08/26,SYS-ID-99353,#FF33F5
1521,Juan Gomez,53.0,25538,maipu,12/08/2026,SYS-ID-69429,#3357FF
1839,María Rodríguez,27.0,14250,Maipú ,10-08-2026,SYS-ID-93320,#3333FF
1297,Ana Perez ,60.0,34003,G. Cruz,FALTA_REGISTRO,SYS-ID-48427,#FF33F5
1065,Sofia Martinez,66.0,,San Rafael ,2026-08-12,SYS-ID-44718,#3333FF
1813,María Rodríguez,29.0,42385,S. Rafael,2026-08-13,SYS-ID-82512,#3333FF
cli-1015,Lucas Garcia,27.0,25803,S Rafael,11-08-2026,SYS-ID-24371,#3333FF
1157,S. Martinez,38.0,20029,San Rafael ,2026.08.10,SYS-ID-81426,#FF5733
1041,Maria Rodriguez,24.0,32444,Maipu  ,2026-08-13,SYS-ID-18675,#FF33F5
1493,Damian Garcia,74.0,14523,Maipú,13-08-2026,SYS-ID-21395,#FF33F5
cli-1380,Juan Gomez,43.0,17578,S. Rafael,12-08-2026,SYS-ID-92397,#57FF33
1188,maria rodriguez,67.0,39548,Godoy Cruz,2026-08-13,SYS-ID-42325,#57FF33
,Julieta A.,,No declara,S. Rafael,12-08-2026,SYS-ID-87397,#FF5733
1217,Lucas Garcia,-11.0,29679,Mendoza ,2026-08-11,SYS-ID-70142,#3333FF
1922,Luciano Y.,28.0,,Godoy Cruz,11/08/2026,SYS-ID-69429,#33FF57
1792,Maria Rodriguez,50.0,,Mendoza,,SYS-ID-74042,#3333FF
1053,maria rodriguez,34.0,43308,Mendoza ,2026-08-13,SYS-ID-76784,#33FF57
CLI_1879,Julieta Aparo,56.0,40464,Gpe Cruz,13/08/26,SYS-ID-83563,#57FF33
cli-1338,Rocio Sgrignieri,27.0,12609,S. Rafael,10-08-2026,SYS-ID-30032,#33FFF0
1749,facundo cortinas,51.0,26715,MENDOZA,13/08/2026,SYS-ID-18326,#3333FF
1720,Sofia Martinez,46.0,44082,Godoy Cruz ,2026.08.10,SYS-ID-24371,#3357FF
1725,Facundo C.,68.0,20703,Mendza,13-08-2026,SYS-ID-72296,#3333FF
1296,Agustin Lopez ,24.0,21217,S Rafael,2026/08/11,SYS-ID-59735,#F0FF33
cli-1702,luciano yllarreta,49.0,25725,maipu,FALTA_REGISTRO,SYS-ID-42098,#F0FF33
1252,julieta aparo,59.0,9999999,godoy cruz,2026/08/11,SYS-ID-94259,#33FF57
1727,Julieta Aparo,60.0,30178,Maypu,2026-08-11,SYS-ID-50306,#FF5733
1462,Julieta A.,62.0,18822,Mendozza,2026-08-13,SYS-ID-24371,#F0FF33
1456,Abril C.,38.0,No declara,Maipú,10/08/2026,SYS-ID-54597,#3357FF
1271,Juan Gomez  ,22.0,30501,S. Rafael,13-08-2026,SYS-ID-13278,#F0FF33
1816,L. Garcia,54.0,9999999,Godoy Cruz ,12-08-2026,SYS-ID-30033,#3333FF
1863,María Rodríguez,65.0,36258,san rafael,13/08/2026,SYS-ID-57576,#3333FF
1270,Abril C.,22.0,19825,Maipú,10/08/2026,SYS-ID-44671,#FF33F5
,Agustin Lopez ,19.0,39366,S. Rafael,12/08/2026,SYS-ID-35203,#57FF33
CLI_1162,S. Martinez,53.0,19786,Mendza,2026-08-13,SYS-ID-17331,#F0FF33
1556,Rocío S.,42.0,15936,San Rafael ,11-08-2026,SYS-ID-44671,#3333FF
CLI_1730,Damian Garcia,43.0,44209,Mendoza,2026-08-11,SYS-ID-95909,#FF5733
1402,Facundo Cortiñas,41.0,40112,san rafael,13/08/26,SYS-ID-31643,#57FF33
1703,Julieta A.,29.0,44995,MENDOZA,12/08/2026,SYS-ID-70142,#33FF57
cli-1477,Ana Perez,57.0,30853,Mendoza,10-08-2026,SYS-ID-99593,#3333FF
,ana perez,44.0,30896,Godoy Cruz ,12-08-2026,SYS-ID-70217,#3357FF
1772,Facundo C.,43.0,39854,godoy cruz,12-08-2026,SYS-ID-40512,#33FF57
1106,Facundo Cortiñas,46.0,26127,Maipú,13/08/2026,SYS-ID-87236,#33FFF0
1566,Damian Garcia,55.0,16720,MENDOZA,13/08/26,SYS-ID-89818,#FF5733
1390,Lucas Garcia ,29.0,21581,Gpe Cruz,10/08/2026,SYS-ID-57400,#3333FF
cli-1002,Agustin Lopez ,,,maipu,2026/08/11,SYS-ID-24592,#33FF57
,Ana Perez,26.0,No declara,S Rafael,13/08/2026,SYS-ID-85674,#3357FF
1501,Sofia Martinez,55.0,41736,Godoy Cruz ,2026-08-10,SYS-ID-39871,#33FFF0
1562,Julieta Aparo,-8.0,31002,Maypu,10/08/2026,SYS-ID-51347,#FF33F5
1932,Facundo C.,26.0,43998,MENDOZA,2026-08-12,SYS-ID-37653,#57FF33
1081,Lucas Garcia ,75.0,14583,S. Rafael,10/08/2026,SYS-ID-80381,#F0FF33
,S. Martinez,21.0,43667,Gpe Cruz,FALTA_REGISTRO,SYS-ID-18326,#57FF33
1035,Luciano Yllarreta,40.0,37558,Godoy Cruz ,2026/08/11,SYS-ID-28131,#FF33F5
1943,Abril C.,,21665,Gpe Cruz,10-08-2026,SYS-ID-80697,#57FF33
1776,Damian Garcia,30.0,28385,S. Rafael,11-08-2026,SYS-ID-80284,#3357FF
1509,Agustin Lopez,44.0,33875,Godoy Cruz,11/08/2026,SYS-ID-13278,#FF33F5
1428,Julieta Aparo,41.0,28889,Godoy Cruz,FALTA_REGISTRO,SYS-ID-30926,#F0FF33
1455,Rocío Sgrignieri,22.0,37394,San Rafael,13/08/26,SYS-ID-31643,#3357FF
1067,María Rodríguez,63.0,29919,Godoy Cruz ,13/08/26,SYS-ID-39871,#3333FF
1367,Agustín López,29.0,16880,Mendozza,10-08-2026,SYS-ID-40021,#FF5733
1092,Agustin Lopez ,27.0,12185,San Rafael ,2026.08.10,SYS-ID-54597,#33FFF0
1340,Agustín López,71.0,25216,Godoy Cruz,2026-08-12,SYS-ID-22676,#FF5733
1898,Agustin Lopez ,31.0,37917,Mendza,13/08/2026,SYS-ID-52504,#3357FF
1565,juan gomez,,,MENDOZA,11/08/2026,SYS-ID-89818,#3333FF
1346,Maria Rodriguez,137.0,22446,Mendoza ,13/08/26,SYS-ID-99166,#3333FF
1777,Damian Garcia,18.0,30471,Godoy Cruz,2026-08-13,SYS-ID-84341,#FF5733
1242,Juan Gomez  ,46.0,39862,Mendoza ,2026/08/11,SYS-ID-97841,#FF5733
1014,Facundo C.,63.0,12512,maipu,10-08-2026,SYS-ID-46421,#33FFF0
CLI_1316,S. Martinez,67.0,13897,Mendozza,11/08/2026,SYS-ID-13905,#FF33F5
1601,facundo cortinas,27.0,,maipu,12/08/2026,SYS-ID-93748,#33FFF0
1388,D. Garcia,75.0,42939,Maypu,12-08-2026,SYS-ID-45093,#FF33F5
1274,abril cioffi,-7.0,39513,Gpe Cruz,2026.08.10,SYS-ID-41385,#33FFF0
1167,Maria Rodriguez,64.0,36916,Mendza,2026/08/11,SYS-ID-98696,#33FF57
1841,Ana Perez,67.0,9999999,Gpe Cruz,2026-08-12,SYS-ID-36071,#3357FF
1021,Agustin Lopez ,47.0,26915,san rafael,FALTA_REGISTRO,SYS-ID-26361,#57FF33
1647,D. Garcia,19.0,24225,Maipu  ,13-08-2026,SYS-ID-46434,#57FF33
1819,Luciano Yllarreta,55.0,17265,Maipú,13/08/2026,SYS-ID-57052,#57FF33
1485,Agustin Lopez ,54.0,9999999,S. Rafael,12/08/2026,SYS-ID-42325,#3357FF
1127,Lucas Garcia ,21.0,36327,maipu,10-08-2026,SYS-ID-31319,#33FF57
1505,Abril C.,42.0,40005,maipu,,SYS-ID-86484,#3357FF
1832,S. Martinez,,17707,S. Rafael,13-08-2026,SYS-ID-55082,#3333FF
1244,Lucas Garcia ,70.0,15890,Maipu  ,11-08-2026,SYS-ID-24621,#3357FF
1567,Juan Gomez  ,59.0,No declara,Mendozza,2026-08-12,SYS-ID-81426,#3333FF
1876,Lucas Garcia ,65.0,14071,Mendozza,13/08/26,SYS-ID-59009,#33FFF0
1563,Luciano Yllarreta,58.0,43883,mendoza,13-08-2026,SYS-ID-73699,#FF33F5
1994,Juan Gomez,33.0,14960,Mendoza,2026-08-12,SYS-ID-35203,#3357FF
1687,Sofía Martínez,26.0,31687,san rafael,2026-08-12,SYS-ID-99166,#FF5733
1958,Rocío Sgrignieri,69.0,29070,MENDOZA,2026.08.10,SYS-ID-33416,#FF5733
1190,juan gomez,47.0,39795,maipu,2026/08/11,SYS-ID-47930,#3333FF
1783,Lucas Garcia,46.0,31965,mendoza,2026-08-11,SYS-ID-98696,#3333FF
1976,Ana Perez,62.0,44331,Maypu,10-08-2026,SYS-ID-17331,#33FF57
1700,Agustin Lopez ,61.0,42701,Mendza,2026-08-13,SYS-ID-95909,#F0FF33
1476,Facundo C.,46.0,,san rafael,12-08-2026,SYS-ID-22156,#33FF57
1682,Abril Cioffi,21.0,36994,mendoza,2026-08-11,SYS-ID-96673,#57FF33
1511,juan gomez,30.0,34147,Gpe Cruz,10/08/2026,SYS-ID-93748,#3357FF
1059,María Rodríguez,,9999999,S. Rafael,2026-08-12,SYS-ID-44718,#33FF57
cli-1475,luciano yllarreta,40.0,106440,Maipú ,2026-08-12,SYS-ID-55082,#F0FF33
cli-1561,Damian Garcia,40.0,31846,godoy cruz,,SYS-ID-93748,#33FF57
1857,Agustín López,54.0,22750,Godoy Cruz ,12/08/2026,SYS-ID-28726,#57FF33
,Facundo Cortiñas,59.0,,S Rafael,13/08/2026,SYS-ID-93320,#33FF57
1253,Juan Gomez,22.0,No declara,san rafael,13-08-2026,SYS-ID-13278,#FF5733
1022,ana perez,35.0,38193,maipu,2026-08-10,SYS-ID-46463,#33FFF0
1314,Sofia Martinez,61.0,,san rafael,13-08-2026,SYS-ID-79163,#F0FF33
1460,Rocío S.,64.0,,S. Rafael,,SYS-ID-91070,#33FF57
1161,julieta aparo,41.0,,MENDOZA,11/08/2026,SYS-ID-38785,#33FFF0
1277,Abril C.,35.0,25284,Mendza,10-08-2026,SYS-ID-22156,#33FF57
1956,Maria Rodriguez,31.0,,Mendoza,2026.08.10,SYS-ID-23434,#33FF57
1192,ana perez,-15.0,15190,san rafael,2026-08-13,SYS-ID-44718,#FF33F5
1386,Sofia Martinez,29.0,17372,San Rafael ,2026.08.10,SYS-ID-60432,#FF33F5
1806,Rocío Sgrignieri,56.0,41080,S Rafael,12/08/2026,SYS-ID-49117,#FF5733
1414,Luciano Y.,34.0,9999999,Maipú,2026/08/10,SYS-ID-16175,#33FFF0
1492,facundo cortinas,45.0,14741,Maipú ,2026-08-13,SYS-ID-41571,#F0FF33
CLI_1344,Juan Gomez  ,,No declara,Maypu,12-08-2026,SYS-ID-44718,#33FFF0
1770,ana perez,42.0,36527,Gpe Cruz,2026-08-11,SYS-ID-93227,#F0FF33
1309,Agustín López,184.0,,Godoy Cruz ,2026.08.10,SYS-ID-24621,#33FFF0
1662,Lucas Garcia ,,32024,S Rafael,10-08-2026,SYS-ID-59797,#FF33F5
1131,Sofía Martínez,18.0,13245,San Rafael ,2026.08.10,SYS-ID-71348,#57FF33
1664,Abril C.,30.0,,Godoy Cruz,2026-08-13,SYS-ID-25014,#FF33F5
,facundo cortinas,40.0,No declara,Godoy Cruz,2026-08-11,SYS-ID-37653,#F0FF33
1088,Damian Garcia,65.0,39189,Maypu,13/08/26,SYS-ID-10425,#57FF33
1331,maria rodriguez,21.0,,San Rafael ,2026-08-11,SYS-ID-99353,#3357FF
1467,María Rodríguez,176.0,28374,san rafael,2026-08-12,SYS-ID-95181,#57FF33
1122,Luciano Yllarreta,39.0,18124,Maypu,12-08-2026,SYS-ID-42098,#F0FF33
1861,Abril Cioffi,56.0,,MENDOZA,2026-08-13,SYS-ID-15695,#F0FF33
